Workbook

Sheet README
B2: iCanvas needfinding: survey data, patterns, segments and a persona
B3: Human-Computer Interaction (Tilburg University, AIR-Lab). Companion to the Week 02 (UCD & needfinding) and Week 03 (design alternatives) lectures.
A5: What this workbook is
B6: A design team is proposing iCanvas, a new lecture management system for Tilburg University. Before ideating, the team ran an anonymous online survey (needfinding) with 124 respondents about how they manage their courses in the current system (Canvas). This workbook contains the questionnaire, the raw responses and the three analysis steps that turn responses into a persona (Cooper et al., About Face): 1. analyse data to find patterns, 2. cluster user segments, 3. write a persona based on a segment.
A8: Stakeholders (Dix et al.) and who is in the sample
B9: Stakeholder type | C9: Who | D9: In this survey?
B10: Primary (use iCanvas) | C10: Students (BSc, MSc, PhD), lecturers/professors, teaching assistants | D10: Yes: 92 students, 26 lecturers/TAs
B11: Secondary (provide input / receive output) | C11: Education office, IT support, library staff; parents; education director | D11: Partly: 6 support/admin staff
B12: Tertiary (affected, no direct use) | C12: Department heads, examination board | D12: No (interviews planned)
B13: Facilitating (build / deploy) | C13: Design team, TiU IT department | D13: No (they are us)
B14: Extreme users (slide: Participants) | C14: Screen-reader / caption / dyslexia users; lecturers who use Canvas all day vs. almost never; students with 24+ h/week of work or care | D14: Yes, deliberately recruited: 22 with accessibility needs, 25 with 17+ h outside commitments
A16: Method
B17: Technique | C17: Online survey (questionnaire), the needfinding technique highlighted in green on the Week 02 slides. Interviews and observation are the planned follow-up for the surprising findings.
B18: Instrument | C18: 34 items in 5 sections: A About you (demographics, Muller et al. Table 55.1 style), B Habits (frequency, devices, features, deadline discovery), C Experience (10 Likert statements incl. one inverted duplicate pair, 7-point satisfaction, 5-point difficulty), D Ranking of 6 activities, E three open-ended grand-tour questions. See sheet 'Questionnaire'.
B19: Question rules applied | C19: No leading questions ('Is the calendar important to you?'), no 'what would you like in a tool?', no hypotheticals; ask about the last concrete time something happened (grand tour). Close-ended where the universe of answers is known and small; open-ended otherwise. Age asked in ranges and no identifiers collected (privacy).
B20: Sampling | C20: Convenience sample through CSAI/DSS mailing lists, the Mensa and the education office, topped up with deliberately recruited extreme users. Respondents are not a random sample of TiU; treat percentages as indicative.
B21: Period | C21: 8-14 September 2026 (see column 'submitted').
B22: Analysis | C22: Descriptive statistics and cross-tabulations (sheet 1-Patterns); k-means clustering on standardised behaviour + attitude features with k chosen by elbow/silhouette and interpretability (sheet 2-Segments); one persona written from the largest segment and short persona candidates for the others (sheet 3-Persona). All statistics on sheets 1 and 2 are live formulas on the Responses sheet; cluster labels and PCA coordinates are pasted values because Excel cannot run k-means.
A24: Sheet map (follows the persona process on the Week 03 slides)
B25: Sheet | C25: Contents | D25: Persona process step
B26: Questionnaire | C26: Every question, its type, answer options, numeric coding and the design rationale. | D26: Instrument
B27: Codes | C27: Lookup table code -> label -> numeric value, used by the formulas. | D27: Coding
B28: Responses | C28: 124 simulated respondents, one per row. Codes for single-choice items, 1/0 columns for multi-select items, rank 1-6 per activity, verbatim text. Derived numeric columns and the cluster label are at the right. vis.html reads this sheet. | D28: 1. Collect user needs/data
B29: 1-Patterns | C29: Sample description, habits, attitudes (means, SD, distributions), reliability of the inverted pair, rankings, cross-tabs, correlations, key patterns. | D29: 2. Analyse data to find patterns
B30: 2-Segments | C30: k selection, segment sizes, profile matrix per segment, role x segment, PCA map, segment descriptions with quotes. | D30: 3. Cluster user segments
B31: 3-Persona | C31: Full persona card for the largest segment (template layout), evidence table linking every claim to a statistic, POV statement, How-Might-We questions, persona candidates for the other segments. | D31: 4. Write a persona based on a segment
A33: Coding conventions
B34: Single choice | C34: Stored as the option code (e.g. A1_role = 'bsc'). Sheet 'Codes' maps codes to labels.
B35: Ordinal scales | C35: Frequency B1 (1 = less than once a week ... 6 = several times a day), visit length B4 (1-5), outside commitments A7 (0-4), times lost B8 (0-4) follow the numerical equivalences of Muller et al. (Table 55.2). Derived *_v columns hold the numbers.
B36: Likert C1-C10 | C36: 1 = Strongly disagree ... 7 = Strongly agree. C2 is the inverted duplicate of C1; reverse it (8 - C2) before averaging with C1. C11 satisfaction 1-7, C12 difficulty 1-5 (1 = very difficult).
B37: Multi-select | C37: One column per option, 1 = selected, 0 = not selected (A8, B2, B5, B6, B9).
B38: Ranking D1 | C38: One column per activity holding its rank, 1 = most important ... 6 = least important.
B39: Open text E1-E3 | C39: Verbatim. Empty = skipped.
A41: Data provenance (read this)
B42: The responses in this workbook are SIMULATED for teaching. They were generated (seed 2026) from six latent behavioural profiles of Canvas users at a Dutch university, with realistic noise, a straight-liner and skipped optional items, so that the three analysis steps can be demonstrated end to end. Nothing here is a statement about real Tilburg University users. The companion page vis.html reads this Responses sheet when it opens, replays the simulated submissions one by one and runs the same three analysis steps in the browser.
B44: Companion files: vis.html (reads the Responses sheet of this workbook and runs the same analysis in the browser) and user.html (the same questionnaire as a stand-alone web page for students during the lecture).

Sheet Questionnaire
A1: Questionnaire and codebook
A2: We are a design team from the Human-Computer Interaction course studying how students and staff manage their courses today, before we design a new lecture management system called iCanvas. There are no right or wrong answers; we just want to hear about your experience with the current system (Canvas). | Privacy notice shown to respondents: Anonymous and voluntary. We do not ask for your name, student number or e-mail. You can skip any question you prefer not to answer and stop at any time. Answers are used only for the needfinding exercise of the HCI course. Takes about 7 minutes.
A4: ID | B4: Section | C4: Question | D4: Type | E4: Answer options | F4: Numeric coding | G4: Column(s) in Responses | H4: Design rationale (lecture slides)
A5: A1 | B5: About you | C5: What is your main role at the university? | D5: Single choice | E5: Bachelor student [bsc] Master student [msc] PhD candidate [phd] Lecturer / professor [lecturer] Teaching assistant [ta] Support / admin staff (education office, IT, library) [staff] | F5: categorical | G5: A1_role | H5: Role first, so needs can be compared across primary stakeholders (students vs. lecturers vs. staff).
A6: A2 | B6: About you | C6: What is your age? | D6: Single choice | E6: 17-20 [17-20] 21-24 [21-24] 25-29 [25-29] 30-39 [30-39] 40-49 [40-49] 50 or older [50+] Prefer not to say [na] | F6: categorical | G6: A2_age | H6: Age in ranges rather than exact age: enough for segmentation, better for privacy (slide: consider privacy of users).
A7: A3 | B7: About you | C7: How do you identify? | D7: Single choice | E7: Female [female] Male [male] Non-binary / other [nonbinary] Prefer not to say [na] | F7: categorical | G7: A3_gender | H7: Inclusive options plus 'prefer not to say'; optional.
A8: A4 | B8: About you | C8: Which school are you mainly affiliated with? | D8: Single choice | E8: Humanities & Digital Sciences (TSHD, e.g. CSAI, DSS) [tshd] Economics & Management (TiSEM) [tisem] Social & Behavioural Sciences (TSB) [tsb] Law (TLS) [tls] Catholic Theology (TST) [tst] Other / more than one [other] | F8: categorical | G8: A4_school | H8: School as a proxy for discipline/culture of teaching.
A9: A5 | B9: About you | C9: Where did you complete most of your secondary education? | D9: Single choice | E9: In the Netherlands [nl] Elsewhere in Europe [eu] Outside Europe [noneu] Prefer not to say [na] | F9: categorical | G9: A5_origin | H9: Culture proxy that is less intrusive than nationality (slide: age, culture, abilities, technology familiarity...).
A10: A6 | B10: About you | C10: How many courses are you currently enrolled in or teaching? | D10: Single choice | E10: 1 [1] 2 [2] 3 [3] 4 [4] 5 [5] 6 or more [6+] | F10: 1 = 1, 2 = 2, 3 = 3, 4 = 4, 5 = 5, 6+ = 6 | G10: A6_courses | H10: Load: how many courses compete for attention.
A11: A7 | B11: About you | C11: Roughly how many hours per week do you spend on commitments outside your study or job (for example a paid side job, or caring for family)? | D11: Single choice | E11: None [0] 1-8 hours [1-8] 9-16 hours [9-16] 17-24 hours [17-24] More than 24 hours [25+] | F11: 0 = 0, 1-8 = 1, 9-16 = 2, 17-24 = 3, 25+ = 4 | G11: A7_hours | H11: Identifies extreme users with heavy outside commitments (jobs, caring). Ordinal, coded 0-4.
A12: A8 | B12: About you | C12: Do any of the following apply to you when you use digital tools? (select all that apply) | D12: Multiple choice | E12: None of these [none] I use a screen reader or screen magnification [screenreader] I rely on captions or transcripts for audio and video [captions] I have dyslexia or another reading-related difference [dyslexia] Fine mouse or touch control is difficult for me [motor] I prefer high contrast or reduced motion [contrast] Prefer not to say [na] | F12: 1 = selected, 0 = not | G12: A8_access__<option> | H12: Abilities/disabilities: recruits the accessibility extreme users; multi-select with exclusive 'none' and 'prefer not to say'.
A13: A9 | B13: About you | C13: How comfortable are you learning a new piece of software on your own? | D13: Scale 1-7 | E13: 1 = Not at all comfortable ... 7 = Extremely comfortable | F13: 1-7 | G13: A9_tech | H13: Technology familiarity, 7-point (Table 55.2 style).
A14: B1 | B14: How you use the current system today | C14: In a typical teaching week, how often do you open Canvas? | D14: Single choice | E14: Less than once a week [lt1] About once a week [1] 2-3 times a week [2-3] 4-6 times a week [4-6] About once a day [daily] Several times a day [several] | F14: lt1 = 1, 1 = 2, 2-3 = 3, 4-6 = 4, daily = 5, several = 6 | G14: B1_freq | H14: Frequency scale, close-ended because the universe of answers is known; coded 1-6 like Never...Very often.
A15: B2 | B15: How you use the current system today | C15: Which devices have you used to open Canvas in the last 7 days? (select all that apply) | D15: Multiple choice | E15: Laptop [laptop] Desktop computer [desktop] Smartphone, in the browser [phone_browser] Smartphone, in the Canvas app [phone_app] Tablet [tablet] | F15: 1 = selected, 0 = not | G15: B2_devices__<option> | H15: Multiple choice: more than one answer can be true (slide: types of close-ended questions).
... A35: D1 | B35: Your priorities | C35: Rank these activities by importance to you in a typical week. | D35: Ranking | E35: Finding course materials [materials] Keeping track of deadlines [deadlines] Seeing grades and feedback [grades] Communicating with instructors or students [communication] Watching lecture recordings [recordings] Organising group work [groupwork] | F35: rank 1-6 per activity | G35: D1_rank__<option> | H35: Ranking: respondents must prioritise as in real life (slide: ranking questions).
A36: E1 | B36: In your own words | C36: Think about the last time Canvas frustrated you. What were you trying to do, and what happened? | D36: Open-ended | E36: Free text | G36: E1_frustrate | H36: Open-ended grand tour, non-leading: 'the last time it frustrated you', not 'what do you dislike'.
A37: E2 | B37: In your own words | C37: Think about the last time Canvas really helped you. What were you trying to do, and what happened? | D37: Open-ended | E37: Free text | G37: E2_helped | H37: Balances E1 (assuming only frustration would be biased framing).
A38: E3 | B38: In your own words | C38: Is there anything about how you manage your courses that we haven't asked about, but you think we should know? | D38: Open-ended | E38: Free text | G38: E3_more | H38: Wrap-up question from the interview structure slide.
A40: Every question can be skipped in user.html (voluntary participation); an empty cell in Responses means the respondent skipped it. Section D asks for a full ranking.

Sheet Codes
A1: lookup | B1: question | C1: code | D1: label | E1: value
A2: A1|bsc | B2: A1 | C2: bsc | D2: Bachelor student
A3: A1|msc | B3: A1 | C3: msc | D3: Master student
A4: A1|phd | B4: A1 | C4: phd | D4: PhD candidate
A5: A1|lecturer | B5: A1 | C5: lecturer | D5: Lecturer / professor
A6: A1|ta | B6: A1 | C6: ta | D6: Teaching assistant
A7: A1|staff | B7: A1 | C7: staff | D7: Support / admin staff (education office, IT, library)
A8: A2|17-20 | B8: A2 | C8: 17-20 | D8: 17-20
A9: A2|21-24 | B9: A2 | C9: 21-24 | D9: 21-24
A10: A2|25-29 | B10: A2 | C10: 25-29 | D10: 25-29
A11: A2|30-39 | B11: A2 | C11: 30-39 | D11: 30-39
A12: A2|40-49 | B12: A2 | C12: 40-49 | D12: 40-49
A13: A2|50+ | B13: A2 | C13: 50+ | D13: 50 or older
... A28: A5|na | B28: A5 | C28: na | D28: Prefer not to say
A29: A6|1 | B29: A6 | C29: 1 | D29: 1 | E29: 1
A30: A6|2 | B30: A6 | C30: 2 | D30: 2 | E30: 2
A31: A6|3 | B31: A6 | C31: 3 | D31: 3 | E31: 3
A32: A6|4 | B32: A6 | C32: 4 | D32: 4 | E32: 4
A33: A6|5 | B33: A6 | C33: 5 | D33: 5 | E33: 5
A34: A6|6+ | B34: A6 | C34: 6+ | D34: 6 or more | E34: 6
A35: A7|0 | B35: A7 | C35: 0 | D35: None | E35: 0
A36: A7|1-8 | B36: A7 | C36: 1-8 | D36: 1-8 hours | E36: 1
A37: A7|9-16 | B37: A7 | C37: 9-16 | D37: 9-16 hours | E37: 2
A38: A7|17-24 | B38: A7 | C38: 17-24 | D38: 17-24 hours | E38: 3
A39: A7|25+ | B39: A7 | C39: 25+ | D39: More than 24 hours | E39: 4
A40: A8|none | B40: A8 | C40: none | D40: None of these
A41: A8|screenreader | B41: A8 | C41: screenreader | D41: I use a screen reader or screen magnification
A42: A8|captions | B42: A8 | C42: captions | D42: I rely on captions or transcripts for audio and video
A43: A8|dyslexia | B43: A8 | C43: dyslexia | D43: I have dyslexia or another reading-related difference
A44: A8|motor | B44: A8 | C44: motor | D44: Fine mouse or touch control is difficult for me
A45: A8|contrast | B45: A8 | C45: contrast | D45: I prefer high contrast or reduced motion
A46: A8|na | B46: A8 | C46: na | D46: Prefer not to say
A47: B1|lt1 | B47: B1 | C47: lt1 | D47: Less than once a week | E47: 1
A48: B1|1 | B48: B1 | C48: 1 | D48: About once a week | E48: 2
A49: B1|2-3 | B49: B1 | C49: 2-3 | D49: 2-3 times a week | E49: 3
A50: B1|4-6 | B50: B1 | C50: 4-6 | D50: 4-6 times a week | E50: 4
A51: B1|daily | B51: B1 | C51: daily | D51: About once a day | E51: 5
A52: B1|several | B52: B1 | C52: several | D52: Several times a day | E52: 6
A53: B2|laptop | B53: B2 | C53: laptop | D53: Laptop
A54: B2|desktop | B54: B2 | C54: desktop | D54: Desktop computer
A55: B2|phone_browser | B55: B2 | C55: phone_browser | D55: Smartphone, in the browser
A56: B2|phone_app | B56: B2 | C56: phone_app | D56: Smartphone, in the Canvas app
A57: B2|tablet | B57: B2 | C57: tablet | D57: Tablet
A58: B3|laptop | B58: B3 | C58: laptop | D58: Laptop
A59: B3|desktop | B59: B3 | C59: desktop | D59: Desktop computer
A60: B3|phone | B60: B3 | C60: phone | D60: Smartphone
A61: B3|tablet | B61: B3 | C61: tablet | D61: Tablet
A62: B4|lt2 | B62: B4 | C62: lt2 | D62: Under 2 minutes | E62: 1
A63: B4|2-5 | B63: B4 | C63: 2-5 | D63: 2-5 minutes | E63: 2
A64: B4|5-15 | B64: B4 | C64: 5-15 | D64: 5-15 minutes | E64: 3
A65: B4|15-30 | B65: B4 | C65: 15-30 | D65: 15-30 minutes | E65: 4
A66: B4|gt30 | B66: B4 | C66: gt30 | D66: More than 30 minutes | E66: 5
A67: B5|announcements | B67: B5 | C67: announcements | D67: Announcements
A68: B5|assignments | B68: B5 | C68: assignments | D68: Assignments (submitting or grading)
A69: B5|grades | B69: B5 | C69: grades | D69: Grades / feedback
A70: B5|modules | B70: B5 | C70: modules | D70: Modules or Files (course materials)
A71: B5|calendar | B71: B5 | C71: calendar | D71: Calendar / To-do list
A72: B5|inbox | B72: B5 | C72: inbox | D72: Inbox (messages)
A73: B5|discussions | B73: B5 | C73: discussions | D73: Discussions
A74: B5|quizzes | B74: B5 | C74: quizzes | D74: Quizzes
A75: B5|recordings | B75: B5 | C75: recordings | D75: Lecture recordings (video)
A76: B5|groups | B76: B5 | C76: groups | D76: Groups / People
A77: B5|syllabus | B77: B5 | C77: syllabus | D77: Syllabus page
A78: B5|none | B78: B5 | C78: none | D78: None of these
... A91: B7|dontknow | B91: B7 | C91: dontknow | D91: I don't know
A92: B8|0 | B92: B8 | C92: 0 | D92: Never | E92: 0
A93: B8|1 | B93: B8 | C93: 1 | D93: Once | E93: 1
A94: B8|2-3 | B94: B8 | C94: 2-3 | D94: 2-3 times | E94: 2
A95: B8|4-6 | B95: B8 | C95: 4-6 | D95: 4-6 times | E95: 3
A96: B8|7+ | B96: B8 | C96: 7+ | D96: More than 6 times | E96: 4
A97: B9|paper | B97: B9 | C97: paper | D97: Paper planner or notebook
A98: B9|calendar | B98: B9 | C98: calendar | D98: Phone or computer calendar (Google, Outlook, Apple)
A99: B9|notes | B99: B9 | C99: notes | D99: Notion, Obsidian or OneNote
A100: B9|chat | B100: B9 | C100: chat | D100: WhatsApp, Signal or Discord group
A101: B9|email | B101: B9 | C101: email | D101: E-mail
A102: B9|none | B102: B9 | C102: none | D102: None, I rely on Canvas only
A103: D1|materials | B103: D1 | C103: materials | D103: Finding course materials
A104: D1|deadlines | B104: D1 | C104: deadlines | D104: Keeping track of deadlines
A105: D1|grades | B105: D1 | C105: grades | D105: Seeing grades and feedback
A106: D1|communication | B106: D1 | C106: communication | D106: Communicating with instructors or students
A107: D1|recordings | B107: D1 | C107: recordings | D107: Watching lecture recordings
A108: D1|groupwork | B108: D1 | C108: groupwork | D108: Organising group work

Sheet Responses
A1: id | B1: submitted | C1: A1_role | D1: A2_age | E1: A3_gender | F1: A4_school | G1: A5_origin | H1: A6_courses | I1: A7_hours | J1: A8_access__none | K1: A8_access__screenreader | L1: A8_access__captions | M1: A8_access__dyslexia | N1: A8_access__motor | O1: A8_access__contrast | P1: A8_access__na | Q1: A9_tech | R1: B1_freq | S1: B2_devices__laptop | T1: B2_devices__desktop | U1: B2_devices__phone_browser | V1: B2_devices__phone_app | W1: B2_devices__tablet | X1: B3_primary | Y1: B4_session | Z1: B5_features__announcements | AA1: B5_features__assignments | AB1: B5_features__grades | AC1: B5_features__modules | AD1: B5_features__calendar | AE1: B5_features__inbox | AF1: B5_features__discussions | AG1: B5_features__quizzes | AH1: B5_features__recordings | AI1: B5_features__groups | AJ1: B5_features__syllabus | AK1: B5_features__none | AL1: B6_deadline__canvas_cal | AM1: B6_deadline__email | AN1: B6_deadline__push | AO1: B6_deadline__in_class | AP1: B6_deadline__peer | AQ1: B6_deadline__syllabus | AR1: B6_deadline__own_cal | AS1: B6_deadline__late | AT1: B7_notif | AU1: B8_lost | AV1: B9_tools__paper | AW1: B9_tools__calendar | AX1: B9_tools__notes | AY1: B9_tools__chat | AZ1: B9_tools__email | BA1: B9_tools__none | BB1: C1_find_fast | BC1: C2_find_slow | BD1: C3_notif_useful | BE1: C4_notif_noise | BF1: C5_mobile | BG1: C6_consistent | BH1: C7_uptodate | BI1: C8_confident | BJ1: C9_accessible | BK1: C10_group | BL1: C11_satisfaction | BM1: C12_ease | BN1: D1_rank__materials | BO1: D1_rank__deadlines | BP1: D1_rank__grades | BQ1: D1_rank__communication | BR1: D1_rank__recordings | BS1: D1_rank__groupwork | BT1: E1_frustrate | BU1: E2_helped | BV1: E3_more | BW1: freq_v | BX1: session_v | BY1: hours_v | BZ1: lost_v | CA1: courses_v | CB1: phone_primary | CC1: C2_rev | CD1: Segment | CE1: PC1 | CF1: PC2
A2: R001 | B2: 2026-09-08 14:10 | C2: lecturer | D2: 30-39 | E2: female | F2: tisem | G2: nl | H2: 2 | I2: 1-8 | J2: 1 | K2: 0 | L2: 0 | M2: 0 | N2: 0 | O2: 0 | P2: 0 | Q2: 6 | R2: several | S2: 1 | T2: 1 | U2: 0 | V2: 0 | W2: 0 | X2: desktop | Y2: gt30 | Z2: 1 | AA2: 1 | AB2: 1 | AC2: 1 | AD2: 1 | AE2: 0 | AF2: 1 | AG2: 0 | AH2: 0 | AI2: 0 | AJ2: 1 | AK2: 0 | AL2: 0 | AM2: 0 | AN2: 0 | AO2: 0 | AP2: 1 | AQ2: 0 | AR2: 1 | AS2: 0 | AT2: inapp | AU2: 1 | AV2: 1 | AW2: 1 | AX2: 0 | AY2: 0 | AZ2: 1 | BA2: 0 | BB2: 4 | BC2: 4 | BD2: 5 | BE2: 7 | BF2: 3 | BG2: 4 | BH2: 4 | BI2: 5 | BJ2: 5 | BK2: 3 | BL2: 5 | BM2: 5 | BN2: 2 | BO2: 4 | BP2: 1 | BQ2: 3 | BR2: 6 | BS2: 5 | BT2: Extending a deadline for three students with an arrangement means editing the assignment, adding a section override, and hoping the dates don't shift for everyone else. | BU2: Students see their grades and feedback at the same moment, no more 200 emails. | BW2: =IF($R2="","",INDEX(Codes!$E$2:$E$108,MATCH("B1|"&$R2,Codes!$A$2:$A$108,0))) -> 6 | BX2: =IF($Y2="","",INDEX(Codes!$E$2:$E$108,MATCH("B4|"&$Y2,Codes!$A$2:$A$108,0))) -> 5 | BY2: =IF($I2="","",INDEX(Codes!$E$2:$E$108,MATCH("A7|"&$I2,Codes!$A$2:$A$108,0))) -> 1 | BZ2: =IF($AU2="","",INDEX(Codes!$E$2:$E$108,MATCH("B8|"&$AU2,Codes!$A$2:$A$108,0))) -> 1 | CA2: =IF($H2="","",INDEX(Codes!$E$2:$E$108,MATCH("A6|"&$H2,Codes!$A$2:$A$108,0))) -> 2 | CB2: =IF($X2="","",IF($X2="phone",1,0)) -> 0 | CC2: =IF($BC2="","",8-$BC2) -> 4 | CD2: S4 Power Instructors | CE2: -1.762 | CF2: 1.714
A3: R002 | B3: 2026-09-08 15:54 | C3: msc | D3: 21-24 | E3: male | F3: tls | G3: eu | H3: 3 | I3: 0 | J3: 0 | K3: 0 | L3: 1 | M3: 0 | N3: 0 | O3: 0 | P3: 0 | Q3: 6 | R3: 4-6 | S3: 1 | T3: 0 | U3: 0 | V3: 1 | W3: 0 | X3: laptop | Y3: gt30 | Z3: 0 | AA3: 1 | AB3: 0 | AC3: 1 | AD3: 1 | AE3: 0 | AF3: 1 | AG3: 0 | AH3: 0 | AI3: 0 | AJ3: 0 | AK3: 0 | AL3: 0 | AM3: 0 | AN3: 0 | AO3: 0 | AP3: 0 | AQ3: 0 | AR3: 1 | AS3: 0 | AT3: push | AU3: 2-3 | AV3: 1 | AW3: 0 | AX3: 1 | AY3: 1 | AZ3: 0 | BA3: 0 | BB3: 2 | BC3: 6 | BD3: 2 | BE3: 4 | BF3: 3 | BG3: 2 | BH3: 3 | BI3: 6 | BJ3: 4 | BK3: 3 | BL3: 4 | BM3: 5 | BN3: 1 | BO3: 3 | BP3: 4 | BQ3: 6 | BR3: 2 | BS3: 5 | BT3: I was looking for the reading list for week 4 of Linear Algebra. One lecturer puts readings in Modules, another in Files, another in a PDF under Syllabus. I spent 15 minutes clicking around | BU3: Not much, it does the job. | BV3: A proper reading list with status (read / to read) would be great. | BW3: =IF($R3="","",INDEX(Codes!$E$2:$E$108,MATCH("B1|"&$R3,Codes!$A$2:$A$108,0))) -> 4 | BX3: =IF($Y3="","",INDEX(Codes!$E$2:$E$108,MATCH("B4|"&$Y3,Codes!$A$2:$A$108,0))) -> 5 | BY3: =IF($I3="","",INDEX(Codes!$E$2:$E$108,MATCH("A7|"&$I3,Codes!$A$2:$A$108,0))) -> 0 | BZ3: =IF($AU3="","",INDEX(Codes!$E$2:$E$108,MATCH("B8|"&$AU3,Codes!$A$2:$A$108,0))) -> 2 | CA3: =IF($H3="","",INDEX(Codes!$E$2:$E$108,MATCH("A6|"&$H3,Codes!$A$2:$A$108,0))) -> 3 | CB3: =IF($X3="","",IF($X3="phone",1,0)) -> 0 | CC3: =IF($BC3="","",8-$BC3) -> 2 | CD3: S2 Structured Scholars | CE3: 2.285 | CF3: 2.185
A4: R003 | B4: 2026-09-08 16:10 | C4: phd | D4: 30-39 | E4: female | F4: other | G4: eu | H4: 1 | I4: 0 | J4: 1 | K4: 0 | L4: 0 | M4: 0 | N4: 0 | O4: 0 | P4: 0 | Q4: 5 | R4: daily | S4: 1 | T4: 1 | U4: 0 | V4: 0 | W4: 0 | X4: laptop | Y4: 5-15 | Z4: 1 | AA4: 1 | AB4: 0 | AC4: 1 | AD4: 0 | AE4: 0 | AF4: 0 | AG4: 0 | AH4: 1 | AI4: 0 | AJ4: 0 | AK4: 0 | AL4: 1 | AM4: 1 | AN4: 0 | AO4: 1 | AP4: 1 | AQ4: 1 | AR4: 1 | AS4: 0 | AT4: email | AU4: 2-3 | AV4: 0 | AW4: 1 | AX4: 1 | AY4: 1 | AZ4: 0 | BA4: 0 | BB4: 3 | BC4: 3 | BD4: 6 | BE4: 4 | BF4: 4 | BG4: 3 | BH4: 6 | BI4: 6 | BJ4: 6 | BK4: 6 | BL4: 4 | BM4: 4 | BN4: 1 | BO4: 3 | BP4: 4 | BQ4: 6 | BR4: 2 | BS4: 5 | BT4: The syllabus page was empty in 3 of my 4 courses. The actual course guide was a PDF somewhere in Files. | BU4: The Modules page for Qualitative Methods was set up week by week with readings, slides and the recording in one place. That is how every course should look. | BV4: I use Notion for everything and Canvas is just the place where files live. | BW4: =IF($R4="","",INDEX(Codes!$E$2:$E$108,MATCH("B1|"&$R4,Codes!$A$2:$A$108,0))) -> 5 | BX4: =IF($Y4="","",INDEX(Codes!$E$2:$E$108,MATCH("B4|"&$Y4,Codes!$A$2:$A$108,0))) -> 3 | BY4: =IF($I4="","",INDEX(Codes!$E$2:$E$108,MATCH("A7|"&$I4,Codes!$A$2:$A$108,0))) -> 0 | BZ4: =IF($AU4="","",INDEX(Codes!$E$2:$E$108,MATCH("B8|"&$AU4,Codes!$A$2:$A$108,0))) -> 2 | CA4: =IF($H4="","",INDEX(Codes!$E$2:$E$108,MATCH("A6|"&$H4,Codes!$A$2:$A$108,0))) -> 1 | CB4: =IF($X4="","",IF($X4="phone",1,0)) -> 0 | CC4: =IF($BC4="","",8-$BC4) -> 5 | CD4: S2 Structured Scholars | CE4: 0.003 | CF4: 2.569
A5: R004 | B5: 2026-09-08 16:21 | C5: lecturer | D5: 40-49 | E5: male | F5: tshd | G5: nl | H5: 3 | I5: 9-16 | J5: 1 | K5: 0 | L5: 0 | M5: 0 | N5: 0 | O5: 0 | P5: 0 | Q5: 3 | R5: 1 | S5: 1 | T5: 1 | U5: 0 | V5: 0 | W5: 1 | X5: desktop | Y5: 5-15 | Z5: 0 | AA5: 0 | AB5: 0 | AC5: 0 | AD5: 0 | AE5: 0 | AF5: 0 | AG5: 0 | AH5: 1 | AI5: 1 | AJ5: 0 | AK5: 0 | AL5: 0 | AM5: 0 | AN5: 0 | AO5: 0 | AP5: 0 | AQ5: 0 | AR5: 1 | AS5: 0 | AT5: email | AU5: 2-3 | AV5: 0 | AW5: 1 | AX5: 0 | AY5: 0 | AZ5: 1 | BA5: 0 | BB5: 3 | BC5: 5 | BD5: 2 | BE5: 4 | BF5: 3 | BG5: 2 | BH5: 4 | BI5: 2 | BJ5: 2 | BK5: 5 | BL5: 1 | BM5: 1 | BN5: 1 | BO5: 2 | BP5: 4 | BQ5: 3 | BR5: 5 | BS5: 6 | BT5: Uploading a 200 MB recording failed twice without any message. | BU5: Grades were visible to students without me having to send them individually | BV5: Training once a year is not enough; I need help at the moment I am doing it. | BW5: =IF($R5="","",INDEX(Codes!$E$2:$E$108,MATCH("B1|"&$R5,Codes!$A$2:$A$108,0))) -> 2 | BX5: =IF($Y5="","",INDEX(Codes!$E$2:$E$108,MATCH("B4|"&$Y5,Codes!$A$2:$A$108,0))) -> 3 | BY5: =IF($I5="","",INDEX(Codes!$E$2:$E$108,MATCH("A7|"&$I5,Codes!$A$2:$A$108,0))) -> 2 | BZ5: =IF($AU5="","",INDEX(Codes!$E$2:$E$108,MATCH("B8|"&$AU5,Codes!$A$2:$A$108,0))) -> 2 | CA5: =IF($H5="","",INDEX(Codes!$E$2:$E$108,MATCH("A6|"&$H5,Codes!$A$2:$A$108,0))) -> 3 | CB5: =IF($X5="","",IF($X5="phone",1,0)) -> 0 | CC5: =IF($BC5="","",8-$BC5) -> 3 | CD5: S5 Reluctant Instructors | CE5: 3.71 | CF5: -2.842
A6: R005 | B6: 2026-09-08 18:55 | C6: msc | D6: 21-24 | E6: female | F6: other | G6: nl | H6: 2 | I6: 0 | J6: 1 | K6: 0 | L6: 0 | M6: 0 | N6: 0 | O6: 0 | P6: 0 | Q6: 6 | R6: 4-6 | S6: 1 | T6: 0 | U6: 0 | V6: 0 | W6: 1 | X6: laptop | Y6: gt30 | Z6: 0 | AA6: 1 | AB6: 1 | AC6: 1 | AD6: 1 | AE6: 1 | AF6: 1 | AG6: 0 | AH6: 1 | AI6: 1 | AJ6: 1 | AK6: 0 | AL6: 1 | AM6: 0 | AN6: 0 | AO6: 1 | AP6: 0 | AQ6: 0 | AR6: 1 | AS6: 0 | AT6: inapp | AU6: 1 | AV6: 0 | AW6: 1 | AX6: 0 | AY6: 1 | AZ6: 0 | BA6: 0 | BB6: 3 | BC6: 6 | BD6: 3 | BE6: 5 | BF6: 4 | BG6: 2 | BH6: 5 | BI6: 4 | BJ6: 5 | BK6: 4 | BL6: 2 | BM6: 5 | BN6: 3 | BO6: 2 | BP6: 4 | BQ6: 5 | BR6: 1 | BS6: 6 | BT6: Group project files were spread across Canvas groups, Google Drive and WhatsApp. Canvas Collaborations didn't work with our university accounts. | BW6: =IF($R6="","",INDEX(Codes!$E$2:$E$108,MATCH("B1|"&$R6,Codes!$A$2:$A$108,0))) -> 4 | BX6: =IF($Y6="","",INDEX(Codes!$E$2:$E$108,MATCH("B4|"&$Y6,Codes!$A$2:$A$108,0))) -> 5 | BY6: =IF($I6="","",INDEX(Codes!$E$2:$E$108,MATCH("A7|"&$I6,Codes!$A$2:$A$108,0))) -> 0 | BZ6: =IF($AU6="","",INDEX(Codes!$E$2:$E$108,MATCH("B8|"&$AU6,Codes!$A$2:$A$108,0))) -> 1 | CA6: =IF($H6="","",INDEX(Codes!$E$2:$E$108,MATCH("A6|"&$H6,Codes!$A$2:$A$108,0))) -> 2 | CB6: =IF($X6="","",IF($X6="phone",1,0)) -> 0 | CC6: =IF($BC6="","",8-$BC6) -> 2 | CD6: S2 Structured Scholars | CE6: 1.942 | CF6: 1.078
A7: R006 | B7: 2026-09-08 19:15 | C7: msc | D7: 25-29 | E7: male | F7: tisem | G7: noneu | H7: 3 | I7: 9-16 | J7: 1 | K7: 0 | L7: 0 | M7: 0 | N7: 0 | O7: 0 | P7: 0 | Q7: 6 | R7: daily | S7: 1 | T7: 0 | U7: 0 | V7: 0 | W7: 0 | X7: laptop | Y7: gt30 | Z7: 1 | AA7: 1 | AB7: 0 | AC7: 1 | AD7: 0 | AE7: 0 | AF7: 0 | AG7: 0 | AH7: 1 | AI7: 0 | AJ7: 0 | AK7: 0 | AL7: 0 | AM7: 1 | AN7: 0 | AO7: 0 | AP7: 1 | AQ7: 0 | AR7: 0 | AS7: 0 | AT7: off | AU7: 2-3 | AV7: 0 | AW7: 1 | AX7: 1 | AY7: 1 | AZ7: 0 | BA7: 0 | BB7: 3 | BC7: 5 | BD7: 4 | BE7: 4 | BF7: 3 | BG7: 4 | BH7: 4 | BI7: 5 | BJ7: 6 | BK7: 5 | BL7: 4 | BM7: 4 | BN7: 1 | BO7: 3 | BP7: 4 | BQ7: 5 | BR7: 2 | BS7: 6 | BT7: trying to see the deadlines of all courses in one view. Exported the calendar feed to Google Calendar, but half the assignments had no dates so they never appeared. | BU7: The calendar feed into Google Calendar, once the lecturer actually dated everything. | BV7: A proper reading list with status (read / to read) would be great. | BW7: =IF($R7="","",INDEX(Codes!$E$2:$E$108,MATCH("B1|"&$R7,Codes!$A$2:$A$108,0))) -> 5 | BX7: =IF($Y7="","",INDEX(Codes!$E$2:$E$108,MATCH("B4|"&$Y7,Codes!$A$2:$A$108,0))) -> 5 | BY7: =IF($I7="","",INDEX(Codes!$E$2:$E$108,MATCH("A7|"&$I7,Codes!$A$2:$A$108,0))) -> 2 | BZ7: =IF($AU7="","",INDEX(Codes!$E$2:$E$108,MATCH("B8|"&$AU7,Codes!$A$2:$A$108,0))) -> 2 | CA7: =IF($H7="","",INDEX(Codes!$E$2:$E$108,MATCH("A6|"&$H7,Codes!$A$2:$A$108,0))) -> 3 | CB7: =IF($X7="","",IF($X7="phone",1,0)) -> 0 | CC7: =IF($BC7="","",8-$BC7) -> 3 | CD7: S2 Structured Scholars | CE7: 0.922 | CF7: 1.664
A8: R007 | B8: 2026-09-08 19:34 | C8: bsc | D8: 17-20 | E8: male | F8: tshd | G8: nl | H8: 5 | I8: 1-8 | J8: 0 | K8: 0 | L8: 1 | M8: 0 | N8: 0 | O8: 0 | P8: 0 | Q8: 5 | R8: several | S8: 1 | T8: 0 | U8: 0 | V8: 1 | W8: 0 | X8: phone | Y8: lt2 | Z8: 1 | AA8: 1 | AB8: 1 | AC8: 1 | AD8: 0 | AE8: 1 | AF8: 0 | AG8: 0 | AH8: 0 | AI8: 1 | AJ8: 0 | AK8: 0 | AL8: 0 | AM8: 0 | AN8: 1 | AO8: 0 | AP8: 0 | AQ8: 0 | AR8: 0 | AS8: 0 | AT8: inapp | AU8: 2-3 | AV8: 0 | AW8: 0 | AX8: 1 | AY8: 1 | AZ8: 0 | BA8: 0 | BB8: 3 | BC8: 5 | BD8: 5 | BE8: 5 | BF8: 3 | BG8: 4 | BH8: 2 | BI8: 4 | BJ8: 5 | BK8: 4 | BL8: 3 | BM8: 4 | BN8: 3 | BO8: 1 | BP8: 2 | BQ8: 4 | BR8: 5 | BS8: 6 | BT8: Checking my grade for the Deep Learning midterm: the number was there but the class average was hidden, so I couldn't tell if a 6.1 was good or bad. | BU8: The announcement about the room change came right before the lecture; I would have gone to the wrong building. | BW8: =IF($R8="","",INDEX(Codes!$E$2:$E$108,MATCH("B1|"&$R8,Codes!$A$2:$A$108,0))) -> 6 | BX8: =IF($Y8="","",INDEX(Codes!$E$2:$E$108,MATCH("B4|"&$Y8,Codes!$A$2:$A$108,0))) -> 1 | BY8: =IF($I8="","",INDEX(Codes!$E$2:$E$108,MATCH("A7|"&$I8,Codes!$A$2:$A$108,0))) -> 1 | BZ8: =IF($AU8="","",INDEX(Codes!$E$2:$E$108,MATCH("B8|"&$AU8,Codes!$A$2:$A$108,0))) -> 2 | CA8: =IF($H8="","",INDEX(Codes!$E$2:$E$108,MATCH("A6|"&$H8,Codes!$A$2:$A$108,0))) -> 5 | CB8: =IF($X8="","",IF($X8="phone",1,0)) -> 1 | CC8: =IF($BC8="","",8-$BC8) -> 3 | CD8: S1 Deadline Sprinters | CE8: -1.973 | CF8: -2.043
A9: R008 | B9: 2026-09-08 20:46 | C9: bsc | D9: 25-29 | E9: male | F9: tshd | G9: nl | H9: 5 | I9: 17-24 | J9: 1 | K9: 0 | L9: 0 | M9: 0 | N9: 0 | O9: 0 | P9: 0 | Q9: 4 | R9: 4-6 | S9: 1 | T9: 0 | U9: 1 | V9: 1 | W9: 0 | X9: laptop | Y9: 5-15 | Z9: 1 | AA9: 1 | AB9: 1 | AC9: 1 | AD9: 1 | AE9: 0 | AF9: 0 | AG9: 0 | AH9: 1 | AI9: 1 | AJ9: 0 | AK9: 0 | AL9: 1 | AM9: 1 | AN9: 0 | AO9: 0 | AP9: 1 | AQ9: 0 | AR9: 0 | AS9: 0 | AT9: email | AU9: 1 | AV9: 0 | AW9: 1 | AX9: 0 | AY9: 1 | AZ9: 1 | BA9: 0 | BB9: 5 | BC9: 3 | BD9: 3 | BE9: 3 | BF9: 5 | BG9: 3 | BH9: 6 | BI9: 6 | BJ9: 5 | BK9: 3 | BL9: 6 | BM9: 4 | BN9: 3 | BO9: 2 | BP9: 4 | BQ9: 5 | BR9: 1 | BS9: 6 | BT9: Came back after a week of night shifts and the Developmental Psychology module for that week had 14 items. Which of these do I actually need before the tutorial? | BU9: Being able to submit from my phone during a break. | BW9: =IF($R9="","",INDEX(Codes!$E$2:$E$108,MATCH("B1|"&$R9,Codes!$A$2:$A$108,0))) -> 4 | BX9: =IF($Y9="","",INDEX(Codes!$E$2:$E$108,MATCH("B4|"&$Y9,Codes!$A$2:$A$108,0))) -> 3 | BY9: =IF($I9="","",INDEX(Codes!$E$2:$E$108,MATCH("A7|"&$I9,Codes!$A$2:$A$108,0))) -> 3 | BZ9: =IF($AU9="","",INDEX(Codes!$E$2:$E$108,MATCH("B8|"&$AU9,Codes!$A$2:$A$108,0))) -> 1 | CA9: =IF($H9="","",INDEX(Codes!$E$2:$E$108,MATCH("A6|"&$H9,Codes!$A$2:$A$108,0))) -> 5 | CB9: =IF($X9="","",IF($X9="phone",1,0)) -> 0 | CC9: =IF($BC9="","",8-$BC9) -> 5 | CD9: S3 Overloaded Jugglers | CE9: 0.031 | CF9: 0.529
A10: R009 | B10: 2026-09-08 21:06 | C10: lecturer | D10: 40-49 | E10: male | F10: tisem | G10: noneu | H10: 1 | I10: 9-16 | J10: 0 | K10: 0 | L10: 1 | M10: 0 | N10: 0 | O10: 0 | P10: 0 | Q10: 3 | R10: 1 | S10: 1 | T10: 0 | U10: 1 | V10: 0 | W10: 0 | X10: desktop | Y10: 5-15 | Z10: 1 | AA10: 0 | AB10: 0 | AC10: 1 | AD10: 0 | AE10: 0 | AF10: 0 | AG10: 0 | AH10: 0 | AI10: 0 | AJ10: 0 | AK10: 0 | AL10: 0 | AM10: 0 | AN10: 0 | AO10: 0 | AP10: 1 | AQ10: 1 | AR10: 1 | AS10: 0 | AT10: email | AU10: 2-3 | AV10: 0 | AW10: 1 | AX10: 0 | AY10: 0 | AZ10: 1 | BA10: 0 | BB10: 2 | BC10: 5 | BD10: 5 | BE10: 4 | BF10: 6 | BG10: 1 | BH10: 2 | BI10: 2 | BJ10: 4 | BK10: 1 | BL10: 2 | BM10: 1 | BN10: 1 | BO10: 3 | BP10: 4 | BQ10: 2 | BR10: 5 | BS10: 6 | BT10: I do not use the calendar; my secretary keeps my agenda. But students expect the deadlines to be in Canvas, so there is always a mismatch. | BU10: Nothing comes to mind, honestly. | BW10: =IF($R10="","",INDEX(Codes!$E$2:$E$108,MATCH("B1|"&$R10,Codes!$A$2:$A$108,0))) -> 2 | BX10: =IF($Y10="","",INDEX(Codes!$E$2:$E$108,MATCH("B4|"&$Y10,Codes!$A$2:$A$108,0))) -> 3 | BY10: =IF($I10="","",INDEX(Codes!$E$2:$E$108,MATCH("A7|"&$I10,Codes!$A$2:$A$108,0))) -> 2 | BZ10: =IF($AU10="","",INDEX(Codes!$E$2:$E$108,MATCH("B8|"&$AU10,Codes!$A$2:$A$108,0))) -> 2 | CA10: =IF($H10="","",INDEX(Codes!$E$2:$E$108,MATCH("A6|"&$H10,Codes!$A$2:$A$108,0))) -> 1 | CB10: =IF($X10="","",IF($X10="phone",1,0)) -> 0 | CC10: =IF($BC10="","",8-$BC10) -> 3 | CD10: S5 Reluctant Instructors | CE10: 3.895 | CF10: -2.756
A11: R010 | B11: 2026-09-08 21:35 | C11: bsc | D11: 17-20 | E11: female | F11: tshd | G11: noneu | H11: 4 | I11: 9-16 | J11: 1 | K11: 0 | L11: 0 | M11: 0 | N11: 0 | O11: 0 | P11: 0 | Q11: 5 | R11: several | S11: 1 | T11: 0 | U11: 0 | V11: 1 | W11: 0 | X11: phone | Y11: lt2 | Z11: 1 | AA11: 1 | AB11: 1 | AC11: 1 | AD11: 1 | AE11: 0 | AF11: 1 | AG11: 1 | AH11: 0 | AI11: 0 | AJ11: 0 | AK11: 0 | AL11: 0 | AM11: 1 | AN11: 1 | AO11: 0 | AP11: 1 | AQ11: 1 | AR11: 0 | AS11: 0 | AT11: push | AU11: 2-3 | AV11: 0 | AW11: 0 | AX11: 0 | AY11: 1 | AZ11: 0 | BA11: 0 | BB11: 3 | BC11: 5 | BD11: 5 | BE11: 4 | BF11: 1 | BG11: 4 | BH11: 4 | BI11: 5 | BJ11: 4 | BK11: 3 | BL11: 5 | BM11: 5 | BN11: 5 | BO11: 1 | BP11: 2 | BQ11: 3 | BR11: 4 | BS11: 6 | BT11: Discussion post for Philosophy of Mind counted as an assignment, so it showed up in my grades as 0 for a week and freaked me out. | BW11: =IF($R11="","",INDEX(Codes!$E$2:$E$108,MATCH("B1|"&$R11,Codes!$A$2:$A$108,0))) -> 6 | BX11: =IF($Y11="","",INDEX(Codes!$E$2:$E$108,MATCH("B4|"&$Y11,Codes!$A$2:$A$108,0))) -> 1 | BY11: =IF($I11="","",INDEX(Codes!$E$2:$E$108,MATCH("A7|"&$I11,Codes!$A$2:$A$108,0))) -> 2 | BZ11: =IF($AU11="","",INDEX(Codes!$E$2:$E$108,MATCH("B8|"&$AU11,Codes!$A$2:$A$108,0))) -> 2 | CA11: =IF($H11="","",INDEX(Codes!$E$2:$E$108,MATCH("A6|"&$H11,Codes!$A$2:$A$108,0))) -> 4 | CB11: =IF($X11="","",IF($X11="phone",1,0)) -> 1 | CC11: =IF($BC11="","",8-$BC11) -> 3 | CD11: S1 Deadline Sprinters | CE11: -3.062 | CF11: -1.57
A12: R011 | B12: 2026-09-08 23:14 | C12: msc | D12: 17-20 | E12: female | F12: tisem | G12: nl | H12: 4 | I12: 9-16 | J12: 1 | K12: 0 | L12: 0 | M12: 0 | N12: 0 | O12: 0 | P12: 0 | Q12: 7 | R12: several | S12: 1 | T12: 1 | U12: 0 | V12: 1 | W12: 0 | X12: phone | Y12: 2-5 | Z12: 1 | AA12: 1 | AB12: 1 | AC12: 0 | AD12: 1 | AE12: 1 | AF12: 0 | AG12: 1 | AH12: 1 | AI12: 0 | AJ12: 0 | AK12: 0 | AL12: 1 | AM12: 0 | AN12: 1 | AO12: 0 | AP12: 0 | AQ12: 0 | AR12: 0 | AS12: 1 | AT12: push | AU12: 0 | AV12: 0 | AW12: 1 | AX12: 0 | AY12: 1 | AZ12: 0 | BA12: 0 | BB12: 4 | BC12: 4 | BD12: 5 | BE12: 6 | BF12: 4 | BG12: 6 | BH12: 5 | BI12: 4 | BJ12: 6 | BK12: 3 | BL12: 4 | BM12: 3 | BN12: 3 | BO12: 1 | BP12: 2 | BQ12: 4 | BR12: 5 | BS12: 6 | BT12: Wanted to see what is due this week across all my courses. The dashboard cards each show something different and the calendar only shows things the teacher put a date on. | BV12: I basically live in WhatsApp groups for each course; that's where the real info is. | BW12: =IF($R12="","",INDEX(Codes!$E$2:$E$108,MATCH("B1|"&$R12,Codes!$A$2:$A$108,0))) -> 6 | BX12: =IF($Y12="","",INDEX(Codes!$E$2:$E$108,MATCH("B4|"&$Y12,Codes!$A$2:$A$108,0))) -> 2 | BY12: =IF($I12="","",INDEX(Codes!$E$2:$E$108,MATCH("A7|"&$I12,Codes!$A$2:$A$108,0))) -> 2 | BZ12: =IF($AU12="","",INDEX(Codes!$E$2:$E$108,MATCH("B8|"&$AU12,Codes!$A$2:$A$108,0))) -> 0 | CA12: =IF($H12="","",INDEX(Codes!$E$2:$E$108,MATCH("A6|"&$H12,Codes!$A$2:$A$108,0))) -> 4 | CB12: =IF($X12="","",IF($X12="phone",1,0)) -> 1 | CC12: =IF($BC12="","",8-$BC12) -> 4 | CD12: S1 Deadline Sprinters | CE12: -2.868 | CF12: -0.913
A13: R012 | B13: 2026-09-09 00:21 | C13: msc | D13: 25-29 | E13: male | F13: tshd | G13: nl | H13: 4 | I13: 17-24 | J13: 1 | K13: 0 | L13: 0 | M13: 0 | N13: 0 | O13: 0 | P13: 0 | Q13: 4 | R13: 2-3 | S13: 1 | T13: 0 | U13: 0 | V13: 1 | W13: 0 | X13: phone | Y13: 15-30 | Z13: 0 | AA13: 1 | AB13: 1 | AC13: 1 | AD13: 0 | AE13: 0 | AF13: 1 | AG13: 0 | AH13: 1 | AI13: 1 | AJ13: 0 | AK13: 0 | AL13: 0 | AM13: 0 | AN13: 0 | AO13: 0 | AP13: 0 | AQ13: 0 | AR13: 1 | AS13: 0 | AT13: email | AU13: 4-6 | AV13: 0 | AW13: 1 | AX13: 0 | AY13: 1 | AZ13: 0 | BA13: 0 | BB13: 4 | BC13: 2 | BD13: 4 | BE13: 5 | BF13: 4 | BG13: 2 | BH13: 3 | BI13: 3 | BJ13: 4 | BK13: 3 | BL13: 3 | BM13: 4 | BN13: 4 | BO13: 1 | BP13: 3 | BQ13: 5 | BR13: 2 | BS13: 6 | BT13: Notification emails arrive during my working hours and are gone from my head by the evening. I have missed two small deadlines that way. | BU13: Seeing on Sunday evening exactly what is due in the coming week, at least for the courses that date their assignments. | BV13: a weekly digest of what changed and what is due. | BW13: =IF($R13="","",INDEX(Codes!$E$2:$E$108,MATCH("B1|"&$R13,Codes!$A$2:$A$108,0))) -> 3 | BX13: =IF($Y13="","",INDEX(Codes!$E$2:$E$108,MATCH("B4|"&$Y13,Codes!$A$2:$A$108,0))) -> 4 | BY13: =IF($I13="","",INDEX(Codes!$E$2:$E$108,MATCH("A7|"&$I13,Codes!$A$2:$A$108,0))) -> 3 | BZ13: =IF($AU13="","",INDEX(Codes!$E$2:$E$108,MATCH("B8|"&$AU13,Codes!$A$2:$A$108,0))) -> 3 | CA13: =IF($H13="","",INDEX(Codes!$E$2:$E$108,MATCH("A6|"&$H13,Codes!$A$2:$A$108,0))) -> 4 | CB13: =IF($X13="","",IF($X13="phone",1,0)) -> 1 | CC13: =IF($BC13="","",8-$BC13) -> 6 | CD13: S3 Overloaded Jugglers | CE13: 0.177 | CF13: -2.707
A14: R013 | B14: 2026-09-09 01:46 | C14: phd | D14: 21-24 | E14: na | F14: tls | G14: nl | H14: 2 | I14: 0 | J14: 1 | K14: 0 | L14: 0 | M14: 0 | N14: 0 | O14: 0 | P14: 0 | Q14: 5 | R14: several | S14: 1 | T14: 0 | U14: 1 | V14: 0 | W14: 0 | X14: laptop | Y14: 15-30 | Z14: 1 | AA14: 1 | AB14: 0 | AC14: 1 | AD14: 0 | AE14: 0 | AF14: 0 | AG14: 0 | AH14: 0 | AI14: 1 | AJ14: 0 | AK14: 0 | AL14: 0 | AM14: 0 | AN14: 0 | AO14: 0 | AP14: 1 | AQ14: 0 | AR14: 0 | AS14: 0 | AT14: email | AU14: 1 | AV14: 0 | AW14: 1 | AX14: 1 | AY14: 1 | AZ14: 1 | BA14: 0 | BB14: 4 | BC14: 4 | BD14: 4 | BE14: 4 | BF14: 4 | BG14: 4 | BH14: 4 | BI14: 4 | BJ14: 4 | BK14: 4 | BL14: 5 | BM14: 3 | BN14: 1 | BO14: 3 | BP14: 4 | BQ14: 5 | BR14: 2 | BS14: 6 | BT14: nothing really | BW14: =IF($R14="","",INDEX(Codes!$E$2:$E$108,MATCH("B1|"&$R14,Codes!$A$2:$A$108,0))) -> 6 | BX14: =IF($Y14="","",INDEX(Codes!$E$2:$E$108,MATCH("B4|"&$Y14,Codes!$A$2:$A$108,0))) -> 4 | BY14: =IF($I14="","",INDEX(Codes!$E$2:$E$108,MATCH("A7|"&$I14,Codes!$A$2:$A$108,0))) -> 0 | BZ14: =IF($AU14="","",INDEX(Codes!$E$2:$E$108,MATCH("B8|"&$AU14,Codes!$A$2:$A$108,0))) -> 1 | CA14: =IF($H14="","",INDEX(Codes!$E$2:$E$108,MATCH("A6|"&$H14,Codes!$A$2:$A$108,0))) -> 2 | CB14: =IF($X14="","",IF($X14="phone",1,0)) -> 0 | CC14: =IF($BC14="","",8-$BC14) -> 4 | CD14: S2 Structured Scholars | CE14: 0.791 | CF14: 1.322
A15: R014 | B15: 2026-09-09 02:09 | C15: bsc | D15: 21-24 | E15: male | F15: tisem | G15: nl | H15: 6+ | I15: 17-24 | J15: 0 | K15: 1 | L15: 0 | M15: 0 | N15: 0 | O15: 0 | P15: 0 | Q15: 5 | R15: daily | S15: 1 | T15: 0 | U15: 1 | V15: 0 | W15: 0 | X15: laptop | Y15: gt30 | Z15: 1 | AA15: 0 | AB15: 0 | AC15: 1 | AD15: 1 | AE15: 0 | AF15: 0 | AG15: 0 | AH15: 1 | AI15: 0 | AJ15: 0 | AK15: 0 | AL15: 0 | AM15: 0 | AN15: 0 | AO15: 0 | AP15: 1 | AQ15: 0 | AR15: 1 | AS15: 0 | AT15: email | AU15: 2-3 | AV15: 0 | AW15: 1 | AX15: 1 | AY15: 1 | AZ15: 1 | BA15: 0 | BB15: 1 | BC15: 6 | BD15: 3 | BE15: 4 | BF15: 2 | BG15: 1 | BH15: 5 | BI15: 5 | BJ15: 1 | BK15: 5 | BL15: 3 | BM15: 3 | BN15: 1 | BO15: 2 | BP15: 3 | BQ15: 5 | BR15: 4 | BS15: 6 | BT15: Scanned PDFs uploaded as images: my screen reader reads nothing, and the text-to-speech I use for dyslexia can't read them either. | BW15: =IF($R15="","",INDEX(Codes!$E$2:$E$108,MATCH("B1|"&$R15,Codes!$A$2:$A$108,0))) -> 5 | BX15: =IF($Y15="","",INDEX(Codes!$E$2:$E$108,MATCH("B4|"&$Y15,Codes!$A$2:$A$108,0))) -> 5 | BY15: =IF($I15="","",INDEX(Codes!$E$2:$E$108,MATCH("A7|"&$I15,Codes!$A$2:$A$108,0))) -> 3 | BZ15: =IF($AU15="","",INDEX(Codes!$E$2:$E$108,MATCH("B8|"&$AU15,Codes!$A$2:$A$108,0))) -> 2 | CA15: =IF($H15="","",INDEX(Codes!$E$2:$E$108,MATCH("A6|"&$H15,Codes!$A$2:$A$108,0))) -> 6 | CB15: =IF($X15="","",IF($X15="phone",1,0)) -> 0 | CC15: =IF($BC15="","",8-$BC15) -> 2 | CD15: S6 Access-First Learners | CE15: 2.59 | CF15: 0.625
A16: R015 | B16: 2026-09-09 03:06 | C16: bsc | D16: 25-29 | E16: male | F16: tshd | G16: eu | H16: 3 | I16: 9-16 | J16: 1 | K16: 0 | L16: 0 | M16: 0 | N16: 0 | O16: 0 | P16: 0 | Q16: 5 | R16: 4-6 | S16: 1 | T16: 0 | U16: 0 | V16: 1 | W16: 0 | X16: phone | Y16: 2-5 | Z16: 1 | AA16: 1 | AB16: 1 | AC16: 0 | AD16: 1 | AE16: 0 | AF16: 0 | AG16: 0 | AH16: 1 | AI16: 0 | AJ16: 0 | AK16: 0 | AL16: 0 | AM16: 1 | AN16: 0 | AO16: 0 | AP16: 1 | AQ16: 0 | AR16: 0 | AS16: 0 | AT16: push | AU16: 1 | AV16: 0 | AW16: 0 | AX16: 0 | AY16: 1 | AZ16: 1 | BA16: 0 | BB16: 5 | BC16: 2 | BD16: 5 | BE16: 6 | BF16: 3 | BG16: 4 | BH16: 4 | BI16: 6 | BJ16: 5 | BK16: 3 | BL16: 4 | BM16: 4 | BN16: 3 | BO16: 2 | BP16: 6 | BQ16: 4 | BR16: 5 | BS16: 1 | BT16: Wanted to see what is due this week across all my courses. The dashboard cards each show something different and the calendar only shows things the teacher put a date on. | BU16: Nothing specific. | BW16: =IF($R16="","",INDEX(Codes!$E$2:$E$108,MATCH("B1|"&$R16,Codes!$A$2:$A$108,0))) -> 4 | BX16: =IF($Y16="","",INDEX(Codes!$E$2:$E$108,MATCH("B4|"&$Y16,Codes!$A$2:$A$108,0))) -> 2 | BY16: =IF($I16="","",INDEX(Codes!$E$2:$E$108,MATCH("A7|"&$I16,Codes!$A$2:$A$108,0))) -> 2 | BZ16: =IF($AU16="","",INDEX(Codes!$E$2:$E$108,MATCH("B8|"&$AU16,Codes!$A$2:$A$108,0))) -> 1 | CA16: =IF($H16="","",INDEX(Codes!$E$2:$E$108,MATCH("A6|"&$H16,Codes!$A$2:$A$108,0))) -> 3 | CB16: =IF($X16="","",IF($X16="phone",1,0)) -> 1 | CC16: =IF($BC16="","",8-$BC16) -> 6 | CD16: S1 Deadline Sprinters | CE16: -2.239 | CF16: -0.635
A17: R016 | B17: 2026-09-09 04:04 | C17: bsc | D17: 17-20 | E17: female | F17: tshd | G17: eu | H17: 4 | I17: 1-8 | J17: 1 | K17: 0 | L17: 0 | M17: 0 | N17: 0 | O17: 0 | P17: 0 | Q17: 6 | R17: daily | S17: 1 | T17: 0 | U17: 0 | V17: 1 | W17: 0 | X17: phone | Y17: lt2 | Z17: 1 | AA17: 1 | AB17: 1 | AC17: 1 | AD17: 1 | AE17: 0 | AF17: 0 | AG17: 0 | AH17: 0 | AI17: 0 | AJ17: 0 | AK17: 0 | AL17: 1 | AM17: 0 | AN17: 1 | AO17: 0 | AP17: 0 | AQ17: 0 | AR17: 0 | AS17: 0 | AT17: push | AU17: 0 | AV17: 0 | AW17: 1 | AX17: 0 | AY17: 1 | AZ17: 1 | BA17: 0 | BB17: 5 | BC17: 3 | BD17: 6 | BE17: 6 | BF17: 2 | BG17: 2 | BH17: 5 | BI17: 7 | BJ17: 4 | BK17: 3 | BL17: 4 | BM17: 3 | BN17: 3 | BO17: 1 | BP17: 2 | BQ17: 4 | BR17: 5 | BS17: 6 | BT17: Notification said 'new comment on your submission'. I opened it, no comment visible. Had to open it on a laptop to see the feedback. | BU17: When the teacher replied to my comment on my submission I saw it immediately in the app. | BW17: =IF($R17="","",INDEX(Codes!$E$2:$E$108,MATCH("B1|"&$R17,Codes!$A$2:$A$108,0))) -> 5 | BX17: =IF($Y17="","",INDEX(Codes!$E$2:$E$108,MATCH("B4|"&$Y17,Codes!$A$2:$A$108,0))) -> 1 | BY17: =IF($I17="","",INDEX(Codes!$E$2:$E$108,MATCH("A7|"&$I17,Codes!$A$2:$A$108,0))) -> 1 | BZ17: =IF($AU17="","",INDEX(Codes!$E$2:$E$108,MATCH("B8|"&$AU17,Codes!$A$2:$A$108,0))) -> 0 | CA17: =IF($H17="","",INDEX(Codes!$E$2:$E$108,MATCH("A6|"&$H17,Codes!$A$2:$A$108,0))) -> 4 | CB17: =IF($X17="","",IF($X17="phone",1,0)) -> 1 | CC17: =IF($BC17="","",8-$BC17) -> 5 | CD17: S1 Deadline Sprinters | CE17: -3.233 | CF17: -0.566
A18: R017 | B18: 2026-09-09 09:09 | C18: bsc | D18: 21-24 | E18: female | F18: tls | G18: nl | H18: 4 | I18: 9-16 | J18: 1 | K18: 0 | L18: 0 | M18: 0 | N18: 0 | O18: 0 | P18: 0 | Q18: 7 | R18: daily | S18: 1 | T18: 0 | U18: 0 | V18: 1 | W18: 0 | X18: phone | Y18: lt2 | Z18: 1 | AA18: 1 | AB18: 1 | AC18: 0 | AD18: 0 | AE18: 0 | AF18: 0 | AG18: 1 | AH18: 0 | AI18: 0 | AJ18: 0 | AK18: 0 | AL18: 1 | AM18: 1 | AN18: 0 | AO18: 1 | AP18: 0 | AQ18: 0 | AR18: 0 | AS18: 0 | AT18: inapp | AU18: 1 | AV18: 0 | AW18: 1 | AX18: 0 | AY18: 1 | AZ18: 1 | BA18: 0 | BB18: 4 | BC18: 3 | BD18: 5 | BE18: 7 | BF18: 3 | BG18: 5 | BH18: 5 | BI18: 3 | BJ18: 5 | BK18: 5 | BL18: 5 | BM18: 3 | BN18: 4 | BO18: 1 | BP18: 3 | BQ18: 2 | BR18: 5 | BS18: 6 | BT18: I wanted to quickly check if the lecture was cancelled. Had to go dashboard > course > announcements > scroll. Three taps too many when you are on the bus. | BU18: Seeing the exact time left before a deadline on the assignment page. | BW18: =IF($R18="","",INDEX(Codes!$E$2:$E$108,MATCH("B1|"&$R18,Codes!$A$2:$A$108,0))) -> 5 | BX18: =IF($Y18="","",INDEX(Codes!$E$2:$E$108,MATCH("B4|"&$Y18,Codes!$A$2:$A$108,0))) -> 1 | BY18: =IF($I18="","",INDEX(Codes!$E$2:$E$108,MATCH("A7|"&$I18,Codes!$A$2:$A$108,0))) -> 2 | BZ18: =IF($AU18="","",INDEX(Codes!$E$2:$E$108,MATCH("B8|"&$AU18,Codes!$A$2:$A$108,0))) -> 1 | CA18: =IF($H18="","",INDEX(Codes!$E$2:$E$108,MATCH("A6|"&$H18,Codes!$A$2:$A$108,0))) -> 4 | CB18: =IF($X18="","",IF($X18="phone",1,0)) -> 1 | CC18: =IF($BC18="","",8-$BC18) -> 5 | CD18: S1 Deadline Sprinters | CE18: -3.206 | CF18: -2.275
A19: R018 | B19: 2026-09-09 09:22 | C19: msc | D19: 25-29 | E19: male | F19: tls | G19: nl | H19: 4 | I19: 9-16 | J19: 1 | K19: 0 | L19: 0 | M19: 0 | N19: 0 | O19: 0 | P19: 0 | Q19: 4 | R19: 4-6 | S19: 1 | T19: 0 | U19: 0 | V19: 1 | W19: 1 | X19: laptop | Y19: 5-15 | Z19: 1 | AA19: 1 | AB19: 0 | AC19: 1 | AD19: 1 | AE19: 0 | AF19: 1 | AG19: 1 | AH19: 1 | AI19: 1 | AJ19: 0 | AK19: 0 | AL19: 0 | AM19: 0 | AN19: 0 | AO19: 0 | AP19: 0 | AQ19: 1 | AR19: 0 | AS19: 1 | AT19: email | AU19: 1 | AV19: 1 | AW19: 0 | AX19: 1 | AY19: 0 | AZ19: 0 | BA19: 0 | BB19: 3 | BC19: 4 | BD19: 5 | BE19: 5 | BF19: 3 | BG19: 2 | BH19: 4 | BI19: 6 | BJ19: 6 | BK19: 2 | BL19: 4 | BM19: 4 | BN19: 1 | BO19: 3 | BP19: 4 | BQ19: 6 | BR19: 2 | BS19: 5 | BT19: Downloaded all the slides for Consumer Behaviour to make notes; every file had a different naming scheme, so sorting them in my notes app was manual work. | BU19: Downloading all files of a module in one zip. | BW19: =IF($R19="","",INDEX(Codes!$E$2:$E$108,MATCH("B1|"&$R19,Codes!$A$2:$A$108,0))) -> 4 | BX19: =IF($Y19="","",INDEX(Codes!$E$2:$E$108,MATCH("B4|"&$Y19,Codes!$A$2:$A$108,0))) -> 3 | BY19: =IF($I19="","",INDEX(Codes!$E$2:$E$108,MATCH("A7|"&$I19,Codes!$A$2:$A$108,0))) -> 2 | BZ19: =IF($AU19="","",INDEX(Codes!$E$2:$E$108,MATCH("B8|"&$AU19,Codes!$A$2:$A$108,0))) -> 1 | CA19: =IF($H19="","",INDEX(Codes!$E$2:$E$108,MATCH("A6|"&$H19,Codes!$A$2:$A$108,0))) -> 4 | CB19: =IF($X19="","",IF($X19="phone",1,0)) -> 0 | CC19: =IF($BC19="","",8-$BC19) -> 4 | CD19: S2 Structured Scholars | CE19: 0.704 | CF19: 1.077
A20: R019 | B20: 2026-09-09 09:34 | C20: msc | D20: 30-39 | E20: male | F20: tisem | G20: noneu | H20: 2 | I20: 0 | J20: 1 | K20: 0 | L20: 0 | M20: 0 | N20: 0 | O20: 0 | P20: 0 | Q20: 5 | R20: several | S20: 1 | T20: 0 | U20: 1 | V20: 0 | W20: 0 | X20: laptop | Y20: gt30 | Z20: 0 | AA20: 1 | AB20: 0 | AC20: 1 | AD20: 0 | AE20: 0 | AF20: 1 | AG20: 0 | AH20: 1 | AI20: 1 | AJ20: 1 | AK20: 0 | AL20: 1 | AM20: 0 | AN20: 0 | AO20: 0 | AP20: 0 | AQ20: 0 | AR20: 1 | AS20: 0 | AT20: inapp | AU20: 0 | AV20: 0 | AW20: 1 | AX20: 1 | AY20: 1 | AZ20: 1 | BA20: 0 | BB20: 1 | BC20: 7 | BD20: 3 | BE20: 5 | BF20: 5 | BG20: 3 | BH20: 4 | BI20: 5 | BJ20: 6 | BK20: 3 | BL20: 3 | BM20: 2 | BN20: 1 | BO20: 3 | BP20: 4 | BQ20: 6 | BR20: 2 | BS20: 5 | BT20: Modules is one long scroll. There is no overview of the course structure, no 'you are here' and no way to collapse everything with one click. | BV20: I use Notion for everything and Canvas is just the place where files live. | BW20: =IF($R20="","",INDEX(Codes!$E$2:$E$108,MATCH("B1|"&$R20,Codes!$A$2:$A$108,0))) -> 6 | BX20: =IF($Y20="","",INDEX(Codes!$E$2:$E$108,MATCH("B4|"&$Y20,Codes!$A$2:$A$108,0))) -> 5 | BY20: =IF($I20="","",INDEX(Codes!$E$2:$E$108,MATCH("A7|"&$I20,Codes!$A$2:$A$108,0))) -> 0 | BZ20: =IF($AU20="","",INDEX(Codes!$E$2:$E$108,MATCH("B8|"&$AU20,Codes!$A$2:$A$108,0))) -> 0 | CA20: =IF($H20="","",INDEX(Codes!$E$2:$E$108,MATCH("A6|"&$H20,Codes!$A$2:$A$108,0))) -> 2 | CB20: =IF($X20="","",IF($X20="phone",1,0)) -> 0 | CC20: =IF($BC20="","",8-$BC20) -> 1 | CD20: S2 Structured Scholars | CE20: 2.556 | CF20: 1.847
A21: R020 | B21: 2026-09-09 09:49 | C21: msc | D21: 17-20 | E21: female | F21: tsb | G21: eu | H21: 2 | I21: 0 | J21: 1 | K21: 0 | L21: 0 | M21: 0 | N21: 0 | O21: 0 | P21: 0 | Q21: 5 | R21: several | S21: 1 | T21: 0 | U21: 1 | V21: 0 | W21: 0 | X21: phone | Y21: 2-5 | Z21: 1 | AA21: 0 | AB21: 1 | AC21: 1 | AD21: 1 | AE21: 0 | AF21: 0 | AG21: 0 | AH21: 1 | AI21: 0 | AJ21: 0 | AK21: 0 | AL21: 0 | AM21: 0 | AN21: 0 | AO21: 0 | AP21: 0 | AQ21: 0 | AR21: 1 | AS21: 0 | AT21: push | AU21: 2-3 | AV21: 0 | AW21: 0 | AX21: 0 | AY21: 1 | AZ21: 0 | BA21: 0 | BB21: 3 | BC21: 4 | BD21: 4 | BE21: 6 | BF21: 5 | BG21: 4 | BH21: 5 | BI21: 7 | BJ21: 4 | BK21: 2 | BL21: 4 | BM21: 3 | BN21: 3 | BO21: 1 | BP21: 2 | BQ21: 4 | BR21: 5 | BS21: 6 | BT21: Tried to find the slides for last week on my phone. Modules is a giant list, you scroll for ages, and half the folders are named 'Week X' and half 'Lecture X'. | BU21: The To-do list saved me once: I had forgotten about a quiz and it was there. | BV21: Dark mode. | BW21: =IF($R21="","",INDEX(Codes!$E$2:$E$108,MATCH("B1|"&$R21,Codes!$A$2:$A$108,0))) -> 6 | BX21: =IF($Y21="","",INDEX(Codes!$E$2:$E$108,MATCH("B4|"&$Y21,Codes!$A$2:$A$108,0))) -> 2 | BY21: =IF($I21="","",INDEX(Codes!$E$2:$E$108,MATCH("A7|"&$I21,Codes!$A$2:$A$108,0))) -> 0 | BZ21: =IF($AU21="","",INDEX(Codes!$E$2:$E$108,MATCH("B8|"&$AU21,Codes!$A$2:$A$108,0))) -> 2 | CA21: =IF($H21="","",INDEX(Codes!$E$2:$E$108,MATCH("A6|"&$H21,Codes!$A$2:$A$108,0))) -> 2 | CB21: =IF($X21="","",IF($X21="phone",1,0)) -> 1 | CC21: =IF($BC21="","",8-$BC21) -> 4 | CD21: S1 Deadline Sprinters | CE21: -1.609 | CF21: -0.673
A22: R021 | B22: 2026-09-09 10:14 | C22: msc | D22: 21-24 | E22: female | F22: tshd | G22: noneu | H22: 2 | I22: 9-16 | J22: 0 | K22: 0 | L22: 0 | M22: 0 | N22: 0 | O22: 0 | P22: 1 | Q22: 5 | R22: daily | S22: 1 | T22: 0 | U22: 0 | V22: 1 | W22: 0 | X22: laptop | Y22: 5-15 | Z22: 1 | AA22: 1 | AB22: 1 | AC22: 1 | AD22: 1 | AE22: 0 | AF22: 0 | AG22: 0 | AH22: 1 | AI22: 0 | AJ22: 0 | AK22: 0 | AL22: 0 | AM22: 0 | AN22: 1 | AO22: 0 | AP22: 1 | AQ22: 1 | AR22: 1 | AS22: 0 | AT22: email | AU22: 0 | AV22: 0 | AW22: 1 | AX22: 1 | AY22: 0 | AZ22: 0 | BA22: 0 | BB22: 3 | BC22: 5 | BD22: 4 | BE22: 6 | BF22: 4 | BG22: 1 | BH22: 5 | BI22: 6 | BJ22: 5 | BK22: 4 | BL22: 3 | BM22: 4 | BN22: 1 | BO22: 3 | BP22: 4 | BQ22: 6 | BR22: 2 | BS22: 5 | BT22: The syllabus page was empty in 3 of my 4 courses. The actual course guide was a PDF somewhere in Files. | BU22: Having every submission I ever made in one place when I wrote my thesis. | BW22: =IF($R22="","",INDEX(Codes!$E$2:$E$108,MATCH("B1|"&$R22,Codes!$A$2:$A$108,0))) -> 5 | BX22: =IF($Y22="","",INDEX(Codes!$E$2:$E$108,MATCH("B4|"&$Y22,Codes!$A$2:$A$108,0))) -> 3 | BY22: =IF($I22="","",INDEX(Codes!$E$2:$E$108,MATCH("A7|"&$I22,Codes!$A$2:$A$108,0))) -> 2 | BZ22: =IF($AU22="","",INDEX(Codes!$E$2:$E$108,MATCH("B8|"&$AU22,Codes!$A$2:$A$108,0))) -> 0 | CA22: =IF($H22="","",INDEX(Codes!$E$2:$E$108,MATCH("A6|"&$H22,Codes!$A$2:$A$108,0))) -> 2 | CB22: =IF($X22="","",IF($X22="phone",1,0)) -> 0 | CC22: =IF($BC22="","",8-$BC22) -> 3 | CD22: S2 Structured Scholars | CE22: 1.014 | CF22: 1.616
A23: R022 | B23: 2026-09-09 11:29 | C23: phd | D23: 25-29 | E23: female | F23: tst | G23: nl | H23: 1 | I23: 0 | J23: 1 | K23: 0 | L23: 0 | M23: 0 | N23: 0 | O23: 0 | P23: 0 | Q23: 5 | R23: 4-6 | S23: 1 | T23: 0 | U23: 0 | V23: 1 | W23: 0 | X23: laptop | Y23: gt30 | Z23: 0 | AA23: 1 | AB23: 0 | AC23: 1 | AD23: 1 | AE23: 1 | AF23: 0 | AG23: 1 | AH23: 0 | AI23: 0 | AJ23: 0 | AK23: 0 | AL23: 0 | AM23: 0 | AN23: 0 | AO23: 0 | AP23: 0 | AQ23: 0 | AR23: 1 | AS23: 0 | AT23: push | AU23: 2-3 | AV23: 0 | AW23: 1 | AX23: 1 | AY23: 0 | AZ23: 0 | BA23: 0 | BB23: 3 | BC23: 6 | BD23: 2 | BE23: 4 | BF23: 5 | BG23: 3 | BH23: 4 | BI23: 5 | BJ23: 5 | BK23: 5 | BL23: 3 | BM23: 4 | BN23: 1 | BO23: 3 | BP23: 4 | BQ23: 6 | BR23: 2 | BS23: 5 | BT23: Annotating a PDF in the built-in viewer is impossible, and downloading each one separately to Zotero takes forever. | BW23: =IF($R23="","",INDEX(Codes!$E$2:$E$108,MATCH("B1|"&$R23,Codes!$A$2:$A$108,0))) -> 4 | BX23: =IF($Y23="","",INDEX(Codes!$E$2:$E$108,MATCH("B4|"&$Y23,Codes!$A$2:$A$108,0))) -> 5 | BY23: =IF($I23="","",INDEX(Codes!$E$2:$E$108,MATCH("A7|"&$I23,Codes!$A$2:$A$108,0))) -> 0 | BZ23: =IF($AU23="","",INDEX(Codes!$E$2:$E$108,MATCH("B8|"&$AU23,Codes!$A$2:$A$108,0))) -> 2 | CA23: =IF($H23="","",INDEX(Codes!$E$2:$E$108,MATCH("A6|"&$H23,Codes!$A$2:$A$108,0))) -> 1 | CB23: =IF($X23="","",IF($X23="phone",1,0)) -> 0 | CC23: =IF($BC23="","",8-$BC23) -> 2 | CD23: S2 Structured Scholars | CE23: 2.535 | CF23: 1.641
A24: R023 | B24: 2026-09-09 11:29 | C24: msc | D24: 21-24 | E24: male | F24: tsb | G24: eu | H24: 3 | I24: 1-8 | J24: 1 | K24: 0 | L24: 0 | M24: 0 | N24: 0 | O24: 0 | P24: 0 | Q24: 6 | R24: daily | S24: 0 | T24: 1 | U24: 0 | V24: 1 | W24: 0 | X24: desktop | Y24: 15-30 | Z24: 0 | AA24: 0 | AB24: 1 | AC24: 1 | AD24: 0 | AE24: 0 | AF24: 0 | AG24: 1 | AH24: 0 | AI24: 0 | AJ24: 0 | AK24: 0 | AL24: 0 | AM24: 0 | AN24: 0 | AO24: 0 | AP24: 1 | AQ24: 1 | AR24: 1 | AS24: 0 | AT24: email | AU24: 0 | AV24: 0 | AW24: 1 | AX24: 0 | AY24: 0 | AZ24: 0 | BA24: 0 | BB24: 3 | BC24: 5 | BD24: 4 | BE24: 5 | BF24: 2 | BG24: 2 | BH24: 3 | BI24: 4 | BJ24: 4 | BK24: 5 | BL24: 4 | BM24: 4 | BN24: 1 | BO24: 3 | BP24: 5 | BQ24: 4 | BR24: 2 | BS24: 6 | BT24: Discussions are a mess for seminar prep: threads collapse, and there's no way to see what changed since I last visited. | BU24: Having every submission I ever made in one place when I wrote my thesis. | BW24: =IF($R24="","",INDEX(Codes!$E$2:$E$108,MATCH("B1|"&$R24,Codes!$A$2:$A$108,0))) -> 5 | BX24: =IF($Y24="","",INDEX(Codes!$E$2:$E$108,MATCH("B4|"&$Y24,Codes!$A$2:$A$108,0))) -> 4 | BY24: =IF($I24="","",INDEX(Codes!$E$2:$E$108,MATCH("A7|"&$I24,Codes!$A$2:$A$108,0))) -> 1 | BZ24: =IF($AU24="","",INDEX(Codes!$E$2:$E$108,MATCH("B8|"&$AU24,Codes!$A$2:$A$108,0))) -> 0 | CA24: =IF($H24="","",INDEX(Codes!$E$2:$E$108,MATCH("A6|"&$H24,Codes!$A$2:$A$108,0))) -> 3 | CB24: =IF($X24="","",IF($X24="phone",1,0)) -> 0 | CC24: =IF($BC24="","",8-$BC24) -> 3 | CD24: S2 Structured Scholars | CE24: 1.143 | CF24: 1.02
A25: R024 | B25: 2026-09-09 11:53 | C25: lecturer | D25: 40-49 | E25: female | F25: tst | G25: nl | H25: 1 | I25: 0 | J25: 1 | K25: 0 | L25: 0 | M25: 0 | N25: 0 | O25: 0 | P25: 0 | Q25: 4 | R25: 2-3 | S25: 1 | T25: 1 | U25: 0 | V25: 0 | W25: 0 | X25: desktop | Y25: 5-15 | Z25: 0 | AA25: 1 | AB25: 0 | AC25: 0 | AD25: 0 | AE25: 0 | AF25: 0 | AG25: 0 | AH25: 0 | AI25: 0 | AJ25: 1 | AK25: 0 | AL25: 0 | AM25: 0 | AN25: 0 | AO25: 0 | AP25: 1 | AQ25: 1 | AR25: 1 | AS25: 0 | AT25: email | AU25: 2-3 | AV25: 0 | AW25: 1 | AX25: 0 | AY25: 1 | AZ25: 1 | BA25: 0 | BB25: 3 | BC25: 6 | BD25: 4 | BE25: 6 | BF25: 3 | BG25: 3 | BH25: 5 | BI25: 3 | BJ25: 6 | BK25: 5 | BL25: 2 | BM25: 2 | BN25: 2 | BO25: 1 | BP25: 5 | BQ25: 3 | BR25: 4 | BS25: 6 | BT25: Sending an announcement: I wrote it, clicked something and it disappeared. The second time I wrote it in Word first | BU25: Not much, it does the job. | BW25: =IF($R25="","",INDEX(Codes!$E$2:$E$108,MATCH("B1|"&$R25,Codes!$A$2:$A$108,0))) -> 3 | BX25: =IF($Y25="","",INDEX(Codes!$E$2:$E$108,MATCH("B4|"&$Y25,Codes!$A$2:$A$108,0))) -> 3 | BY25: =IF($I25="","",INDEX(Codes!$E$2:$E$108,MATCH("A7|"&$I25,Codes!$A$2:$A$108,0))) -> 0 | BZ25: =IF($AU25="","",INDEX(Codes!$E$2:$E$108,MATCH("B8|"&$AU25,Codes!$A$2:$A$108,0))) -> 2 | CA25: =IF($H25="","",INDEX(Codes!$E$2:$E$108,MATCH("A6|"&$H25,Codes!$A$2:$A$108,0))) -> 1 | CB25: =IF($X25="","",IF($X25="phone",1,0)) -> 0 | CC25: =IF($BC25="","",8-$BC25) -> 2 | CD25: S5 Reluctant Instructors | CE25: 1.753 | CF25: -1.743
A26: R025 | B26: 2026-09-09 11:59 | C26: phd | D26: 25-29 | E26: female | F26: tsb | G26: eu | H26: 2 | I26: 1-8 | J26: 1 | K26: 0 | L26: 0 | M26: 0 | N26: 0 | O26: 0 | P26: 0 | Q26: 7 | R26: daily | S26: 1 | T26: 0 | U26: 0 | V26: 0 | W26: 0 | X26: laptop | Y26: gt30 | Z26: 1 | AA26: 1 | AB26: 1 | AC26: 0 | AD26: 0 | AE26: 0 | AF26: 1 | AG26: 0 | AH26: 0 | AI26: 0 | AJ26: 0 | AK26: 0 | AL26: 0 | AM26: 1 | AN26: 0 | AO26: 1 | AP26: 1 | AQ26: 1 | AR26: 0 | AS26: 0 | AT26: inapp | AU26: 0 | AV26: 0 | AW26: 1 | AX26: 1 | AY26: 0 | AZ26: 0 | BA26: 0 | BB26: 2 | BC26: 4 | BD26: 2 | BE26: 5 | BF26: 4 | BG26: 2 | BH26: 5 | BI26: 6 | BJ26: 5 | BK26: 5 | BL26: 2 | BM26: 4 | BN26: 1 | BO26: 4 | BP26: 3 | BQ26: 6 | BR26: 2 | BS26: 5 | BT26: i wanted to re-watch the part of the Statistics 2 lecture about coding the interviews. No chapters, no transcript search, so I scrubbed through 90 minutes. | BU26: A discussion where the lecturer pinned the answers to common questions before the exam. | BV26: Consistency between courses would fix most of my problems. | BW26: =IF($R26="","",INDEX(Codes!$E$2:$E$108,MATCH("B1|"&$R26,Codes!$A$2:$A$108,0))) -> 5 | BX26: =IF($Y26="","",INDEX(Codes!$E$2:$E$108,MATCH("B4|"&$Y26,Codes!$A$2:$A$108,0))) -> 5 | BY26: =IF($I26="","",INDEX(Codes!$E$2:$E$108,MATCH("A7|"&$I26,Codes!$A$2:$A$108,0))) -> 1 | BZ26: =IF($AU26="","",INDEX(Codes!$E$2:$E$108,MATCH("B8|"&$AU26,Codes!$A$2:$A$108,0))) -> 0 | CA26: =IF($H26="","",INDEX(Codes!$E$2:$E$108,MATCH("A6|"&$H26,Codes!$A$2:$A$108,0))) -> 2 | CB26: =IF($X26="","",IF($X26="phone",1,0)) -> 0 | CC26: =IF($BC26="","",8-$BC26) -> 4 | CD26: S2 Structured Scholars | CE26: 1.677 | CF26: 3.097
A27: R026 | B27: 2026-09-09 12:44 | C27: msc | D27: 21-24 | E27: male | F27: tshd | G27: noneu | H27: 3 | I27: 1-8 | J27: 1 | K27: 0 | L27: 0 | M27: 0 | N27: 0 | O27: 0 | P27: 0 | Q27: 6 | R27: 4-6 | S27: 1 | T27: 0 | U27: 1 | V27: 1 | W27: 0 | X27: laptop | Y27: 15-30 | Z27: 1 | AA27: 1 | AB27: 0 | AC27: 1 | AD27: 1 | AE27: 0 | AF27: 1 | AG27: 1 | AH27: 1 | AI27: 1 | AJ27: 0 | AK27: 0 | AL27: 1 | AM27: 0 | AN27: 0 | AO27: 0 | AP27: 0 | AQ27: 0 | AR27: 0 | AS27: 0 | AT27: email | AU27: 0 | AV27: 0 | AW27: 1 | AX27: 1 | AY27: 1 | AZ27: 1 | BA27: 0 | BB27: 5 | BC27: 3 | BD27: 3 | BE27: 4 | BF27: 5 | BG27: 3 | BH27: 4 | BI27: 6 | BJ27: 5 | BK27: 2 | BL27: 4 | BM27: 3 | BN27: 1 | BO27: 3 | BP27: 4 | BQ27: 5 | BR27: 2 | BS27: 6 | BT27: Search in Canvas only searches the current course, and only some things. I wanted a formula from a slide two weeks ago and ended up opening every PDF. | BV27: Consistency between courses would fix most of my problems. | BW27: =IF($R27="","",INDEX(Codes!$E$2:$E$108,MATCH("B1|"&$R27,Codes!$A$2:$A$108,0))) -> 4 | BX27: =IF($Y27="","",INDEX(Codes!$E$2:$E$108,MATCH("B4|"&$Y27,Codes!$A$2:$A$108,0))) -> 4 | BY27: =IF($I27="","",INDEX(Codes!$E$2:$E$108,MATCH("A7|"&$I27,Codes!$A$2:$A$108,0))) -> 1 | BZ27: =IF($AU27="","",INDEX(Codes!$E$2:$E$108,MATCH("B8|"&$AU27,Codes!$A$2:$A$108,0))) -> 0 | CA27: =IF($H27="","",INDEX(Codes!$E$2:$E$108,MATCH("A6|"&$H27,Codes!$A$2:$A$108,0))) -> 3 | CB27: =IF($X27="","",IF($X27="phone",1,0)) -> 0 | CC27: =IF($BC27="","",8-$BC27) -> 5 | CD27: S2 Structured Scholars | CE27: 1.041 | CF27: 1.423
A28: R027 | B28: 2026-09-09 13:26 | C28: phd | D28: 21-24 | E28: male | F28: tshd | G28: eu | H28: 1 | I28: 0 | J28: 1 | K28: 0 | L28: 0 | M28: 0 | N28: 0 | O28: 0 | P28: 0 | Q28: 7 | R28: daily | S28: 1 | T28: 0 | U28: 0 | V28: 0 | W28: 1 | X28: laptop | Y28: 5-15 | Z28: 1 | AA28: 1 | AB28: 1 | AC28: 1 | AD28: 1 | AE28: 1 | AF28: 0 | AG28: 0 | AH28: 1 | AI28: 0 | AJ28: 0 | AK28: 0 | AL28: 1 | AM28: 0 | AN28: 0 | AO28: 0 | AP28: 0 | AQ28: 0 | AR28: 1 | AS28: 0 | AT28: off | AU28: 2-3 | AV28: 0 | AW28: 1 | AX28: 1 | AY28: 1 | AZ28: 0 | BA28: 0 | BB28: 3 | BC28: 5 | BD28: 5 | BE28: 3 | BF28: 3 | BG28: 1 | BH28: 4 | BI28: 7 | BJ28: 6 | BK28: 5 | BL28: 4 | BM28: 5 | BN28: 1 | BO28: 3 | BP28: 4 | BQ28: 5 | BR28: 2 | BS28: 6 | BT28: I keep a Notion page per course because the Canvas page for Cognitive Science has no structure I can rely on. | BU28: A discussion where the lecturer pinned the answers to common questions before the exam. | BV28: Please make lecturers date their assignments. | BW28: =IF($R28="","",INDEX(Codes!$E$2:$E$108,MATCH("B1|"&$R28,Codes!$A$2:$A$108,0))) -> 5 | BX28: =IF($Y28="","",INDEX(Codes!$E$2:$E$108,MATCH("B4|"&$Y28,Codes!$A$2:$A$108,0))) -> 3 | BY28: =IF($I28="","",INDEX(Codes!$E$2:$E$108,MATCH("A7|"&$I28,Codes!$A$2:$A$108,0))) -> 0 | BZ28: =IF($AU28="","",INDEX(Codes!$E$2:$E$108,MATCH("B8|"&$AU28,Codes!$A$2:$A$108,0))) -> 2 | CA28: =IF($H28="","",INDEX(Codes!$E$2:$E$108,MATCH("A6|"&$H28,Codes!$A$2:$A$108,0))) -> 1 | CB28: =IF($X28="","",IF($X28="phone",1,0)) -> 0 | CC28: =IF($BC28="","",8-$BC28) -> 3 | CD28: S2 Structured Scholars | CE28: 0.307 | CF28: 2.961
A29: R028 | B29: 2026-09-09 13:46 | C29: lecturer | D29: 40-49 | E29: female | F29: tshd | G29: nl | H29: 1 | I29: 0 | J29: 1 | K29: 0 | L29: 0 | M29: 0 | N29: 0 | O29: 0 | P29: 0 | Q29: 6 | R29: several | S29: 1 | T29: 0 | U29: 0 | V29: 1 | W29: 0 | X29: desktop | Y29: 15-30 | Z29: 1 | AA29: 1 | AB29: 1 | AC29: 0 | AD29: 0 | AE29: 1 | AF29: 1 | AG29: 0 | AH29: 1 | AI29: 1 | AJ29: 0 | AK29: 0 | AL29: 0 | AM29: 0 | AN29: 0 | AO29: 0 | AP29: 1 | AQ29: 0 | AR29: 1 | AS29: 0 | AT29: email | AU29: 1 | AV29: 1 | AW29: 1 | AX29: 0 | AY29: 0 | AZ29: 1 | BA29: 0 | BB29: 6 | BC29: 1 | BD29: 2 | BE29: 4 | BF29: 3 | BG29: 2 | BH29: 6 | BI29: 7 | BJ29: 5 | BK29: 3 | BL29: 5 | BM29: 2 | BN29: 1 | BO29: 5 | BP29: 2 | BQ29: 3 | BR29: 4 | BS29: 6 | BT29: The gradebook export used commas as decimal separators in some columns and dots in others, and the import back rejected half of them. | BU29: Scheduling all announcements for the block in one go | BV29: I spend more time on course admin than on teaching content. | BW29: =IF($R29="","",INDEX(Codes!$E$2:$E$108,MATCH("B1|"&$R29,Codes!$A$2:$A$108,0))) -> 6 | BX29: =IF($Y29="","",INDEX(Codes!$E$2:$E$108,MATCH("B4|"&$Y29,Codes!$A$2:$A$108,0))) -> 4 | BY29: =IF($I29="","",INDEX(Codes!$E$2:$E$108,MATCH("A7|"&$I29,Codes!$A$2:$A$108,0))) -> 0 | BZ29: =IF($AU29="","",INDEX(Codes!$E$2:$E$108,MATCH("B8|"&$AU29,Codes!$A$2:$A$108,0))) -> 1 | CA29: =IF($H29="","",INDEX(Codes!$E$2:$E$108,MATCH("A6|"&$H29,Codes!$A$2:$A$108,0))) -> 1 | CB29: =IF($X29="","",IF($X29="phone",1,0)) -> 0 | CC29: =IF($BC29="","",8-$BC29) -> 7 | CD29: S4 Power Instructors | CE29: -0.603 | CF29: 2.912
A30: R029 | B30: 2026-09-09 15:52 | C30: lecturer | D30: 50+ | E30: female | F30: tisem | G30: nl | H30: 2 | I30: 1-8 | J30: 0 | K30: 0 | L30: 0 | M30: 0 | N30: 0 | O30: 0 | P30: 1 | Q30: 5 | R30: several | S30: 1 | T30: 0 | U30: 0 | V30: 0 | W30: 0 | X30: laptop | Y30: gt30 | Z30: 1 | AA30: 1 | AB30: 1 | AC30: 1 | AD30: 1 | AE30: 1 | AF30: 0 | AG30: 0 | AH30: 1 | AI30: 0 | AJ30: 1 | AK30: 0 | AL30: 1 | AM30: 0 | AN30: 0 | AO30: 0 | AP30: 1 | AQ30: 0 | AR30: 0 | AS30: 0 | AT30: email | AU30: 1 | AV30: 1 | AW30: 1 | AX30: 0 | AY30: 0 | AZ30: 1 | BA30: 0 | BB30: 5 | BC30: 3 | BD30: 4 | BE30: 5 | BF30: 2 | BG30: 2 | BH30: 4 | BI30: 6 | BJ30: 5 | BK30: 2 | BL30: 5 | BM30: 3 | BN30: 2 | BO30: 4 | BP30: 1 | BQ30: 3 | BR30: 5 | BS30: 6 | BT30: Making groups for the project: the random assignment didn't respect the tutorial sections, so I did it in Excel and re-entered it | BU30: Students see their grades and feedback at the same moment, no more 200 emails. | BV30: Better analytics per tutorial group. | BW30: =IF($R30="","",INDEX(Codes!$E$2:$E$108,MATCH("B1|"&$R30,Codes!$A$2:$A$108,0))) -> 6 | BX30: =IF($Y30="","",INDEX(Codes!$E$2:$E$108,MATCH("B4|"&$Y30,Codes!$A$2:$A$108,0))) -> 5 | BY30: =IF($I30="","",INDEX(Codes!$E$2:$E$108,MATCH("A7|"&$I30,Codes!$A$2:$A$108,0))) -> 1 | BZ30: =IF($AU30="","",INDEX(Codes!$E$2:$E$108,MATCH("B8|"&$AU30,Codes!$A$2:$A$108,0))) -> 1 | CA30: =IF($H30="","",INDEX(Codes!$E$2:$E$108,MATCH("A6|"&$H30,Codes!$A$2:$A$108,0))) -> 2 | CB30: =IF($X30="","",IF($X30="phone",1,0)) -> 0 | CC30: =IF($BC30="","",8-$BC30) -> 5 | CD30: S4 Power Instructors | CE30: -1.096 | CF30: 1.546
A31: R030 | B31: 2026-09-09 18:05 | C31: bsc | D31: 21-24 | E31: male | F31: tshd | G31: nl | H31: 3 | I31: 9-16 | J31: 1 | K31: 0 | L31: 0 | M31: 0 | N31: 0 | O31: 0 | P31: 0 | Q31: 6 | R31: several | S31: 1 | T31: 0 | U31: 1 | V31: 1 | W31: 1 | X31: laptop | Y31: lt2 | Z31: 1 | AA31: 1 | AB31: 1 | AC31: 0 | AD31: 0 | AE31: 0 | AF31: 0 | AG31: 0 | AH31: 1 | AI31: 0 | AJ31: 0 | AK31: 0 | AL31: 1 | AM31: 0 | AN31: 0 | AO31: 0 | AP31: 1 | AQ31: 0 | AR31: 0 | AS31: 0 | AT31: off | AU31: 1 | AV31: 0 | AW31: 0 | AX31: 1 | AY31: 1 | AZ31: 0 | BA31: 0 | BB31: 4 | BC31: 5 | BD31: 6 | BE31: 6 | BF31: 5 | BG31: 2 | BH31: 3 | BI31: 7 | BJ31: 6 | BK31: 3 | BL31: 6 | BM31: 4 | BN31: 3 | BO31: 1 | BP31: 2 | BQ31: 4 | BR31: 5 | BS31: 6 | BT31: the app logged me out again and the 2FA code took forever. By the time I was in I forgot what I wanted to check. | BU31: Submitting a photo of my handwritten answers from the app worked surprisingly smoothly. | BW31: =IF($R31="","",INDEX(Codes!$E$2:$E$108,MATCH("B1|"&$R31,Codes!$A$2:$A$108,0))) -> 6 | BX31: =IF($Y31="","",INDEX(Codes!$E$2:$E$108,MATCH("B4|"&$Y31,Codes!$A$2:$A$108,0))) -> 1 | BY31: =IF($I31="","",INDEX(Codes!$E$2:$E$108,MATCH("A7|"&$I31,Codes!$A$2:$A$108,0))) -> 2 | BZ31: =IF($AU31="","",INDEX(Codes!$E$2:$E$108,MATCH("B8|"&$AU31,Codes!$A$2:$A$108,0))) -> 1 | CA31: =IF($H31="","",INDEX(Codes!$E$2:$E$108,MATCH("A6|"&$H31,Codes!$A$2:$A$108,0))) -> 3 | CB31: =IF($X31="","",IF($X31="phone",1,0)) -> 0 | CC31: =IF($BC31="","",8-$BC31) -> 3 | CD31: S1 Deadline Sprinters | CE31: -2.621 | CF31: -0.135
A32: R031 | B32: 2026-09-09 18:32 | C32: lecturer | D32: 50+ | E32: female | F32: tisem | G32: noneu | H32: 3 | I32: 1-8 | J32: 1 | K32: 0 | L32: 0 | M32: 0 | N32: 0 | O32: 0 | P32: 0 | Q32: 4 | R32: daily | S32: 1 | T32: 1 | U32: 0 | V32: 1 | W32: 0 | X32: desktop | Y32: gt30 | Z32: 1 | AA32: 1 | AB32: 1 | AC32: 1 | AD32: 0 | AE32: 1 | AF32: 1 | AG32: 0 | AH32: 1 | AI32: 1 | AJ32: 0 | AK32: 0 | AL32: 1 | AM32: 0 | AN32: 0 | AO32: 0 | AP32: 0 | AQ32: 1 | AR32: 1 | AS32: 0 | AT32: email | AU32: 0 | AV32: 1 | AW32: 1 | AX32: 1 | AY32: 0 | AZ32: 1 | BA32: 0 | BB32: 4 | BC32: 4 | BD32: 5 | BE32: 5 | BF32: 2 | BG32: 5 | BH32: 5 | BI32: 5 | BJ32: 6 | BK32: 5 | BL32: 3 | BM32: 5 | BN32: 2 | BO32: 4 | BP32: 1 | BQ32: 3 | BR32: 6 | BS32: 5 | BT32: Grading 180 submissions in SpeedGrader: the page reloads for every student and the rubric panel collapses each time. Two clicks that cost me hours. | BU32: The analytics showed me that half the class had not opened the reader before the seminar, so I changed the plan. | BW32: =IF($R32="","",INDEX(Codes!$E$2:$E$108,MATCH("B1|"&$R32,Codes!$A$2:$A$108,0))) -> 5 | BX32: =IF($Y32="","",INDEX(Codes!$E$2:$E$108,MATCH("B4|"&$Y32,Codes!$A$2:$A$108,0))) -> 5 | BY32: =IF($I32="","",INDEX(Codes!$E$2:$E$108,MATCH("A7|"&$I32,Codes!$A$2:$A$108,0))) -> 1 | BZ32: =IF($AU32="","",INDEX(Codes!$E$2:$E$108,MATCH("B8|"&$AU32,Codes!$A$2:$A$108,0))) -> 0 | CA32: =IF($H32="","",INDEX(Codes!$E$2:$E$108,MATCH("A6|"&$H32,Codes!$A$2:$A$108,0))) -> 3 | CB32: =IF($X32="","",IF($X32="phone",1,0)) -> 0 | CC32: =IF($BC32="","",8-$BC32) -> 4 | CD32: S4 Power Instructors | CE32: -1.471 | CF32: 1.555
A33: R032 | B33: 2026-09-09 19:09 | C33: msc | D33: 17-20 | E33: female | F33: tshd | G33: eu | H33: 2 | I33: 1-8 | J33: 1 | K33: 0 | L33: 0 | M33: 0 | N33: 0 | O33: 0 | P33: 0 | Q33: 6 | R33: daily | S33: 1 | T33: 0 | U33: 0 | V33: 1 | W33: 0 | X33: phone | Y33: 2-5 | Z33: 0 | AA33: 1 | AB33: 1 | AC33: 0 | AD33: 1 | AE33: 0 | AF33: 0 | AG33: 0 | AH33: 0 | AI33: 1 | AJ33: 1 | AK33: 0 | AL33: 0 | AM33: 0 | AN33: 0 | AO33: 0 | AP33: 1 | AQ33: 0 | AR33: 0 | AS33: 0 | AT33: push | AU33: 0 | AV33: 0 | AW33: 0 | AX33: 1 | AY33: 1 | AZ33: 0 | BA33: 0 | BB33: 3 | BC33: 6 | BD33: 5 | BE33: 6 | BF33: 2 | BG33: 1 | BH33: 4 | BI33: 7 | BJ33: 7 | BK33: 4 | BL33: 3 | BM33: 4 | BN33: 3 | BO33: 1 | BP33: 2 | BQ33: 4 | BR33: 5 | BS33: 6 | BT33: Got a push notification at 23:40 about a new announcement, opened it and it was a reminder that the lecture room changed... for a lecture that was already over. | BU33: Submitting a photo of my handwritten answers from the app worked surprisingly smoothly. | BW33: =IF($R33="","",INDEX(Codes!$E$2:$E$108,MATCH("B1|"&$R33,Codes!$A$2:$A$108,0))) -> 5 | BX33: =IF($Y33="","",INDEX(Codes!$E$2:$E$108,MATCH("B4|"&$Y33,Codes!$A$2:$A$108,0))) -> 2 | BY33: =IF($I33="","",INDEX(Codes!$E$2:$E$108,MATCH("A7|"&$I33,Codes!$A$2:$A$108,0))) -> 1 | BZ33: =IF($AU33="","",INDEX(Codes!$E$2:$E$108,MATCH("B8|"&$AU33,Codes!$A$2:$A$108,0))) -> 0 | CA33: =IF($H33="","",INDEX(Codes!$E$2:$E$108,MATCH("A6|"&$H33,Codes!$A$2:$A$108,0))) -> 2 | CB33: =IF($X33="","",IF($X33="phone",1,0)) -> 1 | CC33: =IF($BC33="","",8-$BC33) -> 2 | CD33: S1 Deadline Sprinters | CE33: -2.374 | CF33: -0.138
A34: R033 | B34: 2026-09-09 19:56 | C34: ta | D34: 25-29 | E34: female | F34: other | G34: eu | H34: 2 | I34: 9-16 | J34: 1 | K34: 0 | L34: 0 | M34: 0 | N34: 0 | O34: 0 | P34: 0 | Q34: 5 | R34: several | S34: 1 | T34: 1 | U34: 1 | V34: 0 | W34: 0 | X34: desktop | Y34: gt30 | Z34: 1 | AA34: 1 | AB34: 1 | AC34: 1 | AD34: 0 | AE34: 0 | AF34: 0 | AG34: 1 | AH34: 0 | AI34: 0 | AJ34: 0 | AK34: 0 | AL34: 0 | AM34: 1 | AN34: 0 | AO34: 0 | AP34: 0 | AQ34: 0 | AR34: 0 | AS34: 0 | AT34: email | AU34: 4-6 | AV34: 0 | AW34: 1 | AX34: 1 | AY34: 0 | AZ34: 1 | BA34: 0 | BB34: 2 | BC34: 7 | BD34: 4 | BE34: 6 | BF34: 3 | BG34: 4 | BH34: 6 | BI34: 6 | BJ34: 4 | BK34: 2 | BL34: 2 | BM34: 4 | BN34: 3 | BO34: 4 | BP34: 1 | BQ34: 2 | BR34: 6 | BS34: 5 | BT34: Uploading lecture recordings means going to another platform, then linking back. Half the students never find the link. | BU34: speedGrader with a rubric: grading 60 essays in an afternoon, with reusable comments. | BV34: Bulk actions everywhere: due dates, messages, rubrics. | BW34: =IF($R34="","",INDEX(Codes!$E$2:$E$108,MATCH("B1|"&$R34,Codes!$A$2:$A$108,0))) -> 6 | BX34: =IF($Y34="","",INDEX(Codes!$E$2:$E$108,MATCH("B4|"&$Y34,Codes!$A$2:$A$108,0))) -> 5 | BY34: =IF($I34="","",INDEX(Codes!$E$2:$E$108,MATCH("A7|"&$I34,Codes!$A$2:$A$108,0))) -> 2 | BZ34: =IF($AU34="","",INDEX(Codes!$E$2:$E$108,MATCH("B8|"&$AU34,Codes!$A$2:$A$108,0))) -> 3 | CA34: =IF($H34="","",INDEX(Codes!$E$2:$E$108,MATCH("A6|"&$H34,Codes!$A$2:$A$108,0))) -> 2 | CB34: =IF($X34="","",IF($X34="phone",1,0)) -> 0 | CC34: =IF($BC34="","",8-$BC34) -> 1 | CD34: S4 Power Instructors | CE34: 0.503 | CF34: 0.981
A35: R034 | B35: 2026-09-09 21:59 | C35: bsc | D35: 25-29 | E35: female | F35: tshd | G35: nl | H35: 4 | I35: 1-8 | J35: 1 | K35: 0 | L35: 0 | M35: 0 | N35: 0 | O35: 0 | P35: 0 | Q35: 6 | R35: several | S35: 1 | T35: 0 | U35: 0 | V35: 1 | W35: 0 | X35: phone | Y35: lt2 | Z35: 0 | AA35: 1 | AB35: 1 | AC35: 1 | AD35: 1 | AE35: 0 | AF35: 0 | AG35: 1 | AH35: 0 | AI35: 0 | AJ35: 0 | AK35: 0 | AL35: 0 | AM35: 0 | AN35: 0 | AO35: 0 | AP35: 0 | AQ35: 0 | AR35: 0 | AS35: 1 | AT35: inapp | AU35: 1 | AV35: 1 | AW35: 1 | AX35: 0 | AY35: 0 | AZ35: 0 | BA35: 0 | BB35: 5 | BC35: 2 | BD35: 4 | BE35: 4 | BF35: 3 | BG35: 3 | BH35: 5 | BI35: 5 | BJ35: 7 | BK35: 6 | BL35: 6 | BM35: 4 | BN35: 3 | BO35: 2 | BP35: 1 | BQ35: 6 | BR35: 5 | BS35: 4 | BT35: Wanted to check if my Human-Computer Interaction grade was in during the break. The app showed the assignment as 'graded' but the number only appeared after I logged in on my laptop that evening. | BU35: Checking a grade in 5 seconds while waiting for coffee. | BV35: One overview of all deadlines for all courses please. | BW35: =IF($R35="","",INDEX(Codes!$E$2:$E$108,MATCH("B1|"&$R35,Codes!$A$2:$A$108,0))) -> 6 | BX35: =IF($Y35="","",INDEX(Codes!$E$2:$E$108,MATCH("B4|"&$Y35,Codes!$A$2:$A$108,0))) -> 1 | BY35: =IF($I35="","",INDEX(Codes!$E$2:$E$108,MATCH("A7|"&$I35,Codes!$A$2:$A$108,0))) -> 1 | BZ35: =IF($AU35="","",INDEX(Codes!$E$2:$E$108,MATCH("B8|"&$AU35,Codes!$A$2:$A$108,0))) -> 1 | CA35: =IF($H35="","",INDEX(Codes!$E$2:$E$108,MATCH("A6|"&$H35,Codes!$A$2:$A$108,0))) -> 4 | CB35: =IF($X35="","",IF($X35="phone",1,0)) -> 1 | CC35: =IF($BC35="","",8-$BC35) -> 6 | CD35: S1 Deadline Sprinters | CE35: -4.256 | CF35: 0.886
A36: R035 | B36: 2026-09-09 23:44 | C36: msc | D36: 21-24 | E36: male | F36: tshd | G36: nl | H36: 3 | I36: 25+ | J36: 1 | K36: 0 | L36: 0 | M36: 0 | N36: 0 | O36: 0 | P36: 0 | Q36: 6 | R36: 2-3 | S36: 0 | T36: 0 | U36: 1 | V36: 1 | W36: 0 | X36: laptop | Y36: 2-5 | Z36: 1 | AA36: 1 | AB36: 0 | AC36: 0 | AD36: 1 | AE36: 0 | AF36: 0 | AG36: 0 | AH36: 1 | AI36: 0 | AJ36: 0 | AK36: 0 | AL36: 0 | AM36: 0 | AN36: 0 | AO36: 0 | AP36: 1 | AQ36: 1 | AR36: 0 | AS36: 1 | AT36: email | AU36: 1 | AV36: 0 | AW36: 1 | AX36: 0 | AY36: 0 | AZ36: 0 | BA36: 0 | BB36: 1 | BC36: 7 | BD36: 3 | BE36: 5 | BF36: 5 | BG36: 3 | BH36: 3 | BI36: 5 | BJ36: 5 | BK36: 3 | BL36: 2 | BM36: 3 | BN36: 3 | BO36: 1 | BP36: 4 | BQ36: 5 | BR36: 2 | BS36: 6 | BT36: Tried to catch up on Text Mining after two weeks with my kid sick. There's no 'what did I miss' view, so I opened every module item one by one. | BU36: The e-mail digest once a day instead of every announcement, once I found the setting. | BV36: Deadlines on Friday 17:00 instead of Sunday 23:59 would help students with jobs. | BW36: =IF($R36="","",INDEX(Codes!$E$2:$E$108,MATCH("B1|"&$R36,Codes!$A$2:$A$108,0))) -> 3 | BX36: =IF($Y36="","",INDEX(Codes!$E$2:$E$108,MATCH("B4|"&$Y36,Codes!$A$2:$A$108,0))) -> 2 | BY36: =IF($I36="","",INDEX(Codes!$E$2:$E$108,MATCH("A7|"&$I36,Codes!$A$2:$A$108,0))) -> 4 | BZ36: =IF($AU36="","",INDEX(Codes!$E$2:$E$108,MATCH("B8|"&$AU36,Codes!$A$2:$A$108,0))) -> 1 | CA36: =IF($H36="","",INDEX(Codes!$E$2:$E$108,MATCH("A6|"&$H36,Codes!$A$2:$A$108,0))) -> 3 | CB36: =IF($X36="","",IF($X36="phone",1,0)) -> 0 | CC36: =IF($BC36="","",8-$BC36) -> 1 | CD36: S3 Overloaded Jugglers | CE36: 2.107 | CF36: -1.759
A37: R036 | B37: 2026-09-10 01:23 | C37: lecturer | D37: 30-39 | E37: male | F37: tls | G37: nl | H37: 1 | I37: 0 | J37: 1 | K37: 0 | L37: 0 | M37: 0 | N37: 0 | O37: 0 | P37: 0 | Q37: 3 | R37: lt1 | S37: 1 | T37: 1 | U37: 0 | V37: 0 | W37: 0 | X37: desktop | Y37: 5-15 | Z37: 1 | AA37: 0 | AB37: 0 | AC37: 1 | AD37: 0 | AE37: 1 | AF37: 0 | AG37: 0 | AH37: 0 | AI37: 0 | AJ37: 0 | AK37: 0 | AL37: 1 | AM37: 0 | AN37: 0 | AO37: 0 | AP37: 0 | AQ37: 1 | AR37: 1 | AS37: 0 | AT37: email | AU37: 1 | AV37: 1 | AW37: 1 | AX37: 0 | AY37: 0 | AZ37: 1 | BA37: 0 | BB37: 3 | BC37: 6 | BD37: 3 | BE37: 5 | BF37: 1 | BG37: 4 | BH37: 4 | BI37: 4 | BJ37: 5 | BK37: 3 | BL37: 4 | BM37: 2 | BN37: 1 | BO37: 3 | BP37: 4 | BQ37: 2 | BR37: 5 | BS37: 6 | BT37: Tried to publish the course before the block started. Everything looked fine to me but students said it was invisible. There was a small 'unpublished' icon I did not see. | BV37: No. | BW37: =IF($R37="","",INDEX(Codes!$E$2:$E$108,MATCH("B1|"&$R37,Codes!$A$2:$A$108,0))) -> 1 | BX37: =IF($Y37="","",INDEX(Codes!$E$2:$E$108,MATCH("B4|"&$Y37,Codes!$A$2:$A$108,0))) -> 3 | BY37: =IF($I37="","",INDEX(Codes!$E$2:$E$108,MATCH("A7|"&$I37,Codes!$A$2:$A$108,0))) -> 0 | BZ37: =IF($AU37="","",INDEX(Codes!$E$2:$E$108,MATCH("B8|"&$AU37,Codes!$A$2:$A$108,0))) -> 1 | CA37: =IF($H37="","",INDEX(Codes!$E$2:$E$108,MATCH("A6|"&$H37,Codes!$A$2:$A$108,0))) -> 1 | CB37: =IF($X37="","",IF($X37="phone",1,0)) -> 0 | CC37: =IF($BC37="","",8-$BC37) -> 2 | CD37: S5 Reluctant Instructors | CE37: 1.775 | CF37: -1.471
A38: R037 | B38: 2026-09-10 02:18 | C38: lecturer | D38: 40-49 | E38: male | F38: tshd | G38: nl | H38: 3 | I38: 0 | J38: 1 | K38: 0 | L38: 0 | M38: 0 | N38: 0 | O38: 0 | P38: 0 | Q38: 4 | R38: 1 | S38: 0 | T38: 1 | U38: 0 | V38: 0 | W38: 0 | X38: laptop | Y38: 2-5 | Z38: 1 | AA38: 0 | AB38: 0 | AC38: 1 | AD38: 0 | AE38: 1 | AF38: 0 | AG38: 0 | AH38: 0 | AI38: 0 | AJ38: 0 | AK38: 0 | AL38: 0 | AM38: 0 | AN38: 0 | AO38: 0 | AP38: 0 | AQ38: 1 | AR38: 0 | AS38: 0 | AT38: inapp | AU38: 0 | AV38: 0 | AW38: 1 | AX38: 1 | AY38: 0 | AZ38: 0 | BA38: 0 | BB38: 5 | BC38: 2 | BD38: 4 | BE38: 4 | BF38: 2 | BG38: 3 | BH38: 3 | BI38: 1 | BJ38: 4 | BK38: 4 | BL38: 4 | BM38: 2 | BN38: 1 | BO38: 3 | BP38: 4 | BQ38: 2 | BR38: 5 | BS38: 6 | BT38: I wanted to enter grades. The gradebook has dozens of columns and I entered them in the wrong assignment column. The education office had to help. | BU38: The TA set everything up and I only had to click publish. | BV38: Let students see my office hours easily. | BW38: =IF($R38="","",INDEX(Codes!$E$2:$E$108,MATCH("B1|"&$R38,Codes!$A$2:$A$108,0))) -> 2 | BX38: =IF($Y38="","",INDEX(Codes!$E$2:$E$108,MATCH("B4|"&$Y38,Codes!$A$2:$A$108,0))) -> 2 | BY38: =IF($I38="","",INDEX(Codes!$E$2:$E$108,MATCH("A7|"&$I38,Codes!$A$2:$A$108,0))) -> 0 | BZ38: =IF($AU38="","",INDEX(Codes!$E$2:$E$108,MATCH("B8|"&$AU38,Codes!$A$2:$A$108,0))) -> 0 | CA38: =IF($H38="","",INDEX(Codes!$E$2:$E$108,MATCH("A6|"&$H38,Codes!$A$2:$A$108,0))) -> 3 | CB38: =IF($X38="","",IF($X38="phone",1,0)) -> 0 | CC38: =IF($BC38="","",8-$BC38) -> 6 | CD38: S5 Reluctant Instructors | CE38: 0.787 | CF38: -1.881
A39: R038 | B39: 2026-09-10 06:30 | C39: bsc | D39: 17-20 | E39: female | F39: tshd | G39: na | H39: 4 | I39: 1-8 | J39: 0 | K39: 0 | L39: 1 | M39: 0 | N39: 0 | O39: 0 | P39: 0 | Q39: 5 | R39: several | S39: 0 | T39: 0 | U39: 1 | V39: 1 | W39: 0 | X39: phone | Y39: lt2 | Z39: 1 | AA39: 1 | AB39: 1 | AC39: 0 | AD39: 0 | AE39: 1 | AF39: 0 | AG39: 0 | AH39: 1 | AI39: 0 | AJ39: 0 | AK39: 0 | AL39: 1 | AM39: 0 | AN39: 1 | AO39: 0 | AP39: 1 | AQ39: 0 | AR39: 0 | AS39: 0 | AT39: email | AU39: 0 | AV39: 0 | AW39: 1 | AX39: 0 | AY39: 1 | AZ39: 1 | BA39: 0 | BB39: 3 | BC39: 4 | BD39: 4 | BE39: 6 | BF39: 3 | BG39: 5 | BH39: 4 | BI39: 6 | BJ39: 5 | BK39: 3 | BL39: 6 | BM39: 3 | BN39: 3 | BO39: 2 | BP39: 1 | BQ39: 4 | BR39: 6 | BS39: 5 | BT39: Tried to find the slides for last week on my phone. Modules is a giant list, you scroll for ages, and half the folders are named 'Week X' and half 'Lecture X' | BV39: Just make everything work on the phone. | BW39: =IF($R39="","",INDEX(Codes!$E$2:$E$108,MATCH("B1|"&$R39,Codes!$A$2:$A$108,0))) -> 6 | BX39: =IF($Y39="","",INDEX(Codes!$E$2:$E$108,MATCH("B4|"&$Y39,Codes!$A$2:$A$108,0))) -> 1 | BY39: =IF($I39="","",INDEX(Codes!$E$2:$E$108,MATCH("A7|"&$I39,Codes!$A$2:$A$108,0))) -> 1 | BZ39: =IF($AU39="","",INDEX(Codes!$E$2:$E$108,MATCH("B8|"&$AU39,Codes!$A$2:$A$108,0))) -> 0 | CA39: =IF($H39="","",INDEX(Codes!$E$2:$E$108,MATCH("A6|"&$H39,Codes!$A$2:$A$108,0))) -> 4 | CB39: =IF($X39="","",IF($X39="phone",1,0)) -> 1 | CC39: =IF($BC39="","",8-$BC39) -> 4 | CD39: S1 Deadline Sprinters | CE39: -3.459 | CF39: -0.656
A40: R039 | B40: 2026-09-10 07:42 | C40: bsc | D40: 17-20 | E40: male | F40: tsb | G40: noneu | H40: 6+ | I40: 9-16 | J40: 1 | K40: 0 | L40: 0 | M40: 0 | N40: 0 | O40: 0 | P40: 0 | Q40: 7 | R40: several | S40: 0 | T40: 0 | U40: 0 | V40: 1 | W40: 0 | X40: phone | Y40: 2-5 | Z40: 1 | AA40: 1 | AB40: 1 | AC40: 1 | AD40: 1 | AE40: 0 | AF40: 0 | AG40: 0 | AH40: 0 | AI40: 0 | AJ40: 1 | AK40: 0 | AL40: 0 | AM40: 0 | AN40: 0 | AO40: 1 | AP40: 1 | AQ40: 0 | AR40: 0 | AS40: 0 | AT40: inapp | AU40: 0 | AV40: 1 | AW40: 1 | AX40: 0 | AY40: 1 | AZ40: 0 | BA40: 0 | BB40: 4 | BC40: 4 | BD40: 5 | BE40: 3 | BF40: 3 | BG40: 3 | BH40: 5 | BI40: 7 | BJ40: 5 | BK40: 4 | BL40: 5 | BM40: 4 | BN40: 2 | BO40: 3 | BP40: 1 | BQ40: 4 | BR40: 6 | BS40: 5 | BT40: Looking for the room number for the Data Mining exam. It was in an announcement from 3 weeks ago and the app search didn't find it. A friend sent a screenshot on WhatsApp. | BU40: The announcement about the room change came right before the lecture; I would have gone to the wrong building. | BW40: =IF($R40="","",INDEX(Codes!$E$2:$E$108,MATCH("B1|"&$R40,Codes!$A$2:$A$108,0))) -> 6 | BX40: =IF($Y40="","",INDEX(Codes!$E$2:$E$108,MATCH("B4|"&$Y40,Codes!$A$2:$A$108,0))) -> 2 | BY40: =IF($I40="","",INDEX(Codes!$E$2:$E$108,MATCH("A7|"&$I40,Codes!$A$2:$A$108,0))) -> 2 | BZ40: =IF($AU40="","",INDEX(Codes!$E$2:$E$108,MATCH("B8|"&$AU40,Codes!$A$2:$A$108,0))) -> 0 | CA40: =IF($H40="","",INDEX(Codes!$E$2:$E$108,MATCH("A6|"&$H40,Codes!$A$2:$A$108,0))) -> 6 | CB40: =IF($X40="","",IF($X40="phone",1,0)) -> 1 | CC40: =IF($BC40="","",8-$BC40) -> 4 | CD40: S1 Deadline Sprinters | CE40: -3.105 | CF40: 1.777
A41: R040 | B41: 2026-09-10 08:39 | C41: bsc | D41: 21-24 | E41: na | F41: tshd | G41: nl | H41: 5 | I41: 0 | J41: 0 | K41: 0 | L41: 1 | M41: 1 | N41: 0 | O41: 0 | P41: 0 | Q41: 6 | R41: daily | S41: 1 | T41: 0 | U41: 1 | V41: 0 | W41: 0 | X41: laptop | Y41: 5-15 | Z41: 1 | AA41: 1 | AB41: 0 | AC41: 1 | AD41: 0 | AE41: 0 | AF41: 0 | AG41: 0 | AH41: 1 | AI41: 0 | AJ41: 0 | AK41: 0 | AL41: 0 | AM41: 1 | AN41: 0 | AO41: 0 | AP41: 0 | AQ41: 0 | AR41: 0 | AS41: 1 | AT41: email | AU41: 0 | AV41: 0 | AW41: 1 | AX41: 0 | AY41: 0 | AZ41: 0 | BA41: 0 | BB41: 1 | BC41: 7 | BD41: 4 | BE41: 5 | BF41: 3 | BG41: 2 | BH41: 4 | BI41: 5 | BJ41: 1 | BK41: 2 | BL41: 2 | BM41: 2 | BN41: 1 | BO41: 3 | BP41: 4 | BQ41: 5 | BR41: 2 | BS41: 6 | BT41: Trying to enlarge the text on my phone: the app ignores the system font size setting. | BU41: The immersive reader in my browser works fine on Canvas pages when they are real text. | BV41: Accessibility depends entirely on the lecturer. The system should enforce headings, alt text and captions. | BW41: =IF($R41="","",INDEX(Codes!$E$2:$E$108,MATCH("B1|"&$R41,Codes!$A$2:$A$108,0))) -> 5 | BX41: =IF($Y41="","",INDEX(Codes!$E$2:$E$108,MATCH("B4|"&$Y41,Codes!$A$2:$A$108,0))) -> 3 | BY41: =IF($I41="","",INDEX(Codes!$E$2:$E$108,MATCH("A7|"&$I41,Codes!$A$2:$A$108,0))) -> 0 | BZ41: =IF($AU41="","",INDEX(Codes!$E$2:$E$108,MATCH("B8|"&$AU41,Codes!$A$2:$A$108,0))) -> 0 | CA41: =IF($H41="","",INDEX(Codes!$E$2:$E$108,MATCH("A6|"&$H41,Codes!$A$2:$A$108,0))) -> 5 | CB41: =IF($X41="","",IF($X41="phone",1,0)) -> 0 | CC41: =IF($BC41="","",8-$BC41) -> 1 | CD41: S6 Access-First Learners | CE41: 3.132 | CF41: 0.811
A42: R041 | B42: 2026-09-10 09:18 | C42: lecturer | D42: 25-29 | E42: male | F42: tshd | G42: eu | H42: 1 | I42: 9-16 | J42: 1 | K42: 0 | L42: 0 | M42: 0 | N42: 0 | O42: 0 | P42: 0 | Q42: 5 | R42: several | S42: 1 | T42: 0 | U42: 0 | V42: 0 | W42: 0 | X42: desktop | Y42: 15-30 | Z42: 1 | AA42: 1 | AB42: 1 | AC42: 1 | AD42: 0 | AE42: 1 | AF42: 0 | AG42: 0 | AH42: 0 | AI42: 1 | AJ42: 0 | AK42: 0 | AL42: 1 | AM42: 0 | AN42: 0 | AO42: 0 | AP42: 0 | AQ42: 0 | AR42: 0 | AS42: 0 | AT42: email | AU42: 2-3 | AV42: 1 | AW42: 1 | AX42: 0 | AY42: 1 | AZ42: 1 | BA42: 0 | BB42: 6 | BC42: 2 | BD42: 3 | BE42: 6 | BF42: 3 | BG42: 5 | BH42: 7 | BI42: 6 | BJ42: 5 | BK42: 3 | BL42: 5 | BM42: 4 | BN42: 2 | BO42: 3 | BP42: 1 | BQ42: 4 | BR42: 6 | BS42: 5 | BT42: I get an email for every single submission. I turned notifications off, and then missed a student's question in the Inbox for a week. | BU42: Quiz auto-grading for the weekly checks saves me hours per week. | BW42: =IF($R42="","",INDEX(Codes!$E$2:$E$108,MATCH("B1|"&$R42,Codes!$A$2:$A$108,0))) -> 6 | BX42: =IF($Y42="","",INDEX(Codes!$E$2:$E$108,MATCH("B4|"&$Y42,Codes!$A$2:$A$108,0))) -> 4 | BY42: =IF($I42="","",INDEX(Codes!$E$2:$E$108,MATCH("A7|"&$I42,Codes!$A$2:$A$108,0))) -> 2 | BZ42: =IF($AU42="","",INDEX(Codes!$E$2:$E$108,MATCH("B8|"&$AU42,Codes!$A$2:$A$108,0))) -> 2 | CA42: =IF($H42="","",INDEX(Codes!$E$2:$E$108,MATCH("A6|"&$H42,Codes!$A$2:$A$108,0))) -> 1 | CB42: =IF($X42="","",IF($X42="phone",1,0)) -> 0 | CC42: =IF($BC42="","",8-$BC42) -> 6 | CD42: S4 Power Instructors | CE42: -2.213 | CF42: 1.424
A43: R042 | B43: 2026-09-10 09:19 | C43: msc | D43: 21-24 | E43: female | F43: other | G43: eu | H43: 3 | I43: 0 | J43: 1 | K43: 0 | L43: 0 | M43: 0 | N43: 0 | O43: 0 | P43: 0 | Q43: 7 | R43: daily | S43: 1 | T43: 0 | U43: 0 | V43: 0 | W43: 0 | X43: laptop | Y43: 5-15 | Z43: 1 | AA43: 1 | AB43: 1 | AC43: 1 | AD43: 0 | AE43: 0 | AF43: 0 | AG43: 0 | AH43: 0 | AI43: 0 | AJ43: 0 | AK43: 0 | AL43: 0 | AM43: 0 | AN43: 0 | AO43: 0 | AP43: 0 | AQ43: 0 | AR43: 1 | AS43: 0 | AT43: email | AU43: 0 | AV43: 0 | AW43: 1 | AX43: 1 | AY43: 1 | AZ43: 0 | BA43: 0 | BB43: 3 | BC43: 6 | BD43: 3 | BE43: 2 | BF43: 4 | BG43: 3 | BH43: 4 | BI43: 6 | BJ43: 5 | BK43: 5 | BL43: 4 | BM43: 4 | BN43: 1 | BO43: 3 | BP43: 4 | BQ43: 5 | BR43: 2 | BS43: 6 | BT43: Notifications for every reply in a discussion I posted in once. Had to dig into settings to find out how to mute one course. | BU43: Recordings with the slide timeline let me jump to the part I needed. | BW43: =IF($R43="","",INDEX(Codes!$E$2:$E$108,MATCH("B1|"&$R43,Codes!$A$2:$A$108,0))) -> 5 | BX43: =IF($Y43="","",INDEX(Codes!$E$2:$E$108,MATCH("B4|"&$Y43,Codes!$A$2:$A$108,0))) -> 3 | BY43: =IF($I43="","",INDEX(Codes!$E$2:$E$108,MATCH("A7|"&$I43,Codes!$A$2:$A$108,0))) -> 0 | BZ43: =IF($AU43="","",INDEX(Codes!$E$2:$E$108,MATCH("B8|"&$AU43,Codes!$A$2:$A$108,0))) -> 0 | CA43: =IF($H43="","",INDEX(Codes!$E$2:$E$108,MATCH("A6|"&$H43,Codes!$A$2:$A$108,0))) -> 3 | CB43: =IF($X43="","",IF($X43="phone",1,0)) -> 0 | CC43: =IF($BC43="","",8-$BC43) -> 2 | CD43: S2 Structured Scholars | CE43: 1.034 | CF43: 2.557
A44: R043 | B44: 2026-09-10 13:34 | C44: msc | D44: 21-24 | E44: female | F44: tshd | G44: eu | H44: 3 | I44: 9-16 | J44: 1 | K44: 0 | L44: 0 | M44: 0 | N44: 0 | O44: 0 | P44: 0 | Q44: 5 | R44: several | S44: 1 | T44: 0 | U44: 0 | V44: 1 | W44: 0 | X44: tablet | Y44: lt2 | Z44: 1 | AA44: 0 | AB44: 1 | AC44: 1 | AD44: 1 | AE44: 0 | AF44: 0 | AG44: 1 | AH44: 0 | AI44: 0 | AJ44: 0 | AK44: 0 | AL44: 1 | AM44: 0 | AN44: 1 | AO44: 0 | AP44: 1 | AQ44: 0 | AR44: 0 | AS44: 0 | AT44: off | AU44: 1 | AV44: 0 | AW44: 1 | AX44: 1 | AY44: 1 | AZ44: 0 | BA44: 0 | BB44: 3 | BC44: 5 | BD44: 4 | BE44: 6 | BF44: 3 | BG44: 3 | BH44: 3 | BI44: 7 | BJ44: 5 | BK44: 4 | BL44: 5 | BM44: 3 | BN44: 3 | BO44: 1 | BP44: 2 | BQ44: 5 | BR44: 4 | BS44: 6 | BT44: The app shows the To-do list but tapping an item opens a web view where I have to log in again. | BU44: Not much, it does the job. | BV44: Fewer emails, more useful pushes. | BW44: =IF($R44="","",INDEX(Codes!$E$2:$E$108,MATCH("B1|"&$R44,Codes!$A$2:$A$108,0))) -> 6 | BX44: =IF($Y44="","",INDEX(Codes!$E$2:$E$108,MATCH("B4|"&$Y44,Codes!$A$2:$A$108,0))) -> 1 | BY44: =IF($I44="","",INDEX(Codes!$E$2:$E$108,MATCH("A7|"&$I44,Codes!$A$2:$A$108,0))) -> 2 | BZ44: =IF($AU44="","",INDEX(Codes!$E$2:$E$108,MATCH("B8|"&$AU44,Codes!$A$2:$A$108,0))) -> 1 | CA44: =IF($H44="","",INDEX(Codes!$E$2:$E$108,MATCH("A6|"&$H44,Codes!$A$2:$A$108,0))) -> 3 | CB44: =IF($X44="","",IF($X44="phone",1,0)) -> 0 | CC44: =IF($BC44="","",8-$BC44) -> 3 | CD44: S1 Deadline Sprinters | CE44: -1.768 | CF44: -0.692
A45: R044 | B45: 2026-09-10 13:47 | C45: bsc | D45: 17-20 | E45: female | F45: tshd | G45: nl | H45: 4 | I45: 0 | J45: 1 | K45: 0 | L45: 0 | M45: 0 | N45: 0 | O45: 0 | P45: 0 | Q45: 4 | R45: 4-6 | S45: 1 | T45: 0 | U45: 1 | V45: 1 | W45: 0 | X45: phone | Y45: lt2 | Z45: 1 | AA45: 0 | AB45: 1 | AC45: 1 | AD45: 0 | AE45: 0 | AF45: 1 | AG45: 1 | AH45: 0 | AI45: 0 | AJ45: 0 | AK45: 0 | AL45: 1 | AM45: 0 | AN45: 1 | AO45: 1 | AP45: 0 | AQ45: 0 | AR45: 1 | AS45: 0 | AT45: push | AU45: 4-6 | AV45: 0 | AW45: 1 | AX45: 0 | AY45: 0 | AZ45: 0 | BA45: 0 | BB45: 5 | BC45: 1 | BD45: 6 | BE45: 7 | BF45: 2 | BG45: 3 | BH45: 4 | BI45: 7 | BJ45: 6 | BK45: 5 | BL45: 5 | BM45: 4 | BN45: 3 | BO45: 1 | BP45: 2 | BQ45: 4 | BR45: 5 | BS45: 6 | BT45: Tried to submit the Developmental Psychology assignment from my phone 10 minutes before the deadline. The file picker didn't let me pick the PDF from my drive and I had to run to the library. | BU45: The push notification that my Programming 1 grade was published, right when I was on the train. | BW45: =IF($R45="","",INDEX(Codes!$E$2:$E$108,MATCH("B1|"&$R45,Codes!$A$2:$A$108,0))) -> 4 | BX45: =IF($Y45="","",INDEX(Codes!$E$2:$E$108,MATCH("B4|"&$Y45,Codes!$A$2:$A$108,0))) -> 1 | BY45: =IF($I45="","",INDEX(Codes!$E$2:$E$108,MATCH("A7|"&$I45,Codes!$A$2:$A$108,0))) -> 0 | BZ45: =IF($AU45="","",INDEX(Codes!$E$2:$E$108,MATCH("B8|"&$AU45,Codes!$A$2:$A$108,0))) -> 3 | CA45: =IF($H45="","",INDEX(Codes!$E$2:$E$108,MATCH("A6|"&$H45,Codes!$A$2:$A$108,0))) -> 4 | CB45: =IF($X45="","",IF($X45="phone",1,0)) -> 1 | CC45: =IF($BC45="","",8-$BC45) -> 7 | CD45: S1 Deadline Sprinters | CE45: -3.928 | CF45: -1.434
A46: R045 | B46: 2026-09-10 16:54 | C46: msc | D46: 17-20 | E46: female | F46: tisem | G46: eu | H46: 2 | I46: 9-16 | J46: 1 | K46: 0 | L46: 0 | M46: 0 | N46: 0 | O46: 0 | P46: 0 | Q46: 5 | R46: several | S46: 0 | T46: 0 | U46: 0 | V46: 1 | W46: 0 | X46: phone | Y46: lt2 | Z46: 1 | AA46: 1 | AB46: 1 | AC46: 0 | AD46: 1 | AE46: 0 | AF46: 0 | AG46: 1 | AH46: 0 | AI46: 1 | AJ46: 0 | AK46: 0 | AL46: 0 | AM46: 1 | AN46: 1 | AO46: 1 | AP46: 1 | AQ46: 0 | AR46: 0 | AS46: 0 | AT46: email | AU46: 1 | AV46: 0 | AW46: 1 | AX46: 0 | AY46: 1 | AZ46: 0 | BA46: 0 | BB46: 4 | BC46: 3 | BD46: 4 | BE46: 5 | BF46: 2 | BG46: 5 | BH46: 3 | BI46: 6 | BJ46: 6 | BK46: 3 | BL46: 5 | BM46: 3 | BN46: 3 | BO46: 1 | BP46: 2 | BQ46: 5 | BR46: 6 | BS46: 4 | BT46: slow to load on the campus wifi, especially the Files page. | BU46: Submitting a photo of my handwritten answers from the app worked surprisingly smoothly. | BW46: =IF($R46="","",INDEX(Codes!$E$2:$E$108,MATCH("B1|"&$R46,Codes!$A$2:$A$108,0))) -> 6 | BX46: =IF($Y46="","",INDEX(Codes!$E$2:$E$108,MATCH("B4|"&$Y46,Codes!$A$2:$A$108,0))) -> 1 | BY46: =IF($I46="","",INDEX(Codes!$E$2:$E$108,MATCH("A7|"&$I46,Codes!$A$2:$A$108,0))) -> 2 | BZ46: =IF($AU46="","",INDEX(Codes!$E$2:$E$108,MATCH("B8|"&$AU46,Codes!$A$2:$A$108,0))) -> 1 | CA46: =IF($H46="","",INDEX(Codes!$E$2:$E$108,MATCH("A6|"&$H46,Codes!$A$2:$A$108,0))) -> 2 | CB46: =IF($X46="","",IF($X46="phone",1,0)) -> 1 | CC46: =IF($BC46="","",8-$BC46) -> 5 | CD46: S1 Deadline Sprinters | CE46: -3.668 | CF46: -1.18
A47: R046 | B47: 2026-09-10 19:32 | C47: staff | D47: 50+ | E47: female | F47: tls | G47: nl | H47: 6+ | I47: 9-16 | J47: 1 | K47: 0 | L47: 0 | M47: 0 | N47: 0 | O47: 0 | P47: 0 | Q47: 2 | R47: 1 | S47: 1 | T47: 1 | U47: 0 | V47: 0 | W47: 1 | X47: desktop | Y47: 15-30 | Z47: 1 | AA47: 0 | AB47: 1 | AC47: 1 | AD47: 0 | AE47: 0 | AF47: 0 | AG47: 0 | AH47: 0 | AI47: 0 | AJ47: 0 | AK47: 0 | AL47: 0 | AM47: 0 | AN47: 0 | AO47: 0 | AP47: 0 | AQ47: 1 | AR47: 1 | AS47: 1 | AT47: email | AU47: 2-3 | AV47: 1 | AW47: 1 | AX47: 0 | AY47: 0 | AZ47: 1 | BA47: 0 | BB47: 5 | BC47: 2 | BD47: 3 | BE47: 5 | BF47: 2 | BG47: 4 | BH47: 5 | BI47: 1 | BJ47: 4 | BK47: 2 | BL47: 3 | BM47: 2 | BN47: 1 | BO47: 3 | BP47: 4 | BQ47: 2 | BR47: 6 | BS47: 5 | BT47: we maintain a course template, but lecturers can delete the structure with one click and then the support questions start. | BW47: =IF($R47="","",INDEX(Codes!$E$2:$E$108,MATCH("B1|"&$R47,Codes!$A$2:$A$108,0))) -> 2 | BX47: =IF($Y47="","",INDEX(Codes!$E$2:$E$108,MATCH("B4|"&$Y47,Codes!$A$2:$A$108,0))) -> 4 | BY47: =IF($I47="","",INDEX(Codes!$E$2:$E$108,MATCH("A7|"&$I47,Codes!$A$2:$A$108,0))) -> 2 | BZ47: =IF($AU47="","",INDEX(Codes!$E$2:$E$108,MATCH("B8|"&$AU47,Codes!$A$2:$A$108,0))) -> 2 | CA47: =IF($H47="","",INDEX(Codes!$E$2:$E$108,MATCH("A6|"&$H47,Codes!$A$2:$A$108,0))) -> 6 | CB47: =IF($X47="","",IF($X47="phone",1,0)) -> 0 | CC47: =IF($BC47="","",8-$BC47) -> 6 | CD47: S5 Reluctant Instructors | CE47: 1.795 | CF47: -2.381
A48: R047 | B48: 2026-09-10 19:54 | C48: msc | D48: 40-49 | E48: female | F48: tst | G48: nl | H48: 2 | I48: 25+ | J48: 1 | K48: 0 | L48: 0 | M48: 0 | N48: 0 | O48: 0 | P48: 0 | Q48: 4 | R48: 2-3 | S48: 1 | T48: 0 | U48: 1 | V48: 1 | W48: 0 | X48: phone | Y48: 5-15 | Z48: 1 | AA48: 1 | AB48: 0 | AC48: 0 | AD48: 0 | AE48: 0 | AF48: 0 | AG48: 1 | AH48: 1 | AI48: 0 | AJ48: 0 | AK48: 0 | AL48: 0 | AM48: 0 | AN48: 0 | AO48: 0 | AP48: 1 | AQ48: 0 | AR48: 0 | AS48: 1 | AT48: email | AU48: 2-3 | AV48: 1 | AW48: 1 | AX48: 0 | AY48: 1 | AZ48: 0 | BA48: 0 | BB48: 4 | BC48: 5 | BD48: 3 | BE48: 5 | BF48: 5 | BG48: 3 | BH48: 5 | BI48: 3 | BJ48: 4 | BK48: 4 | BL48: 3 | BM48: 3 | BN48: 5 | BO48: 2 | BP48: 3 | BQ48: 6 | BR48: 1 | BS48: 4 | BT48: Missed a group meeting because the invite was only posted in the Canvas group discussion, and I don't get emails for those. | BU48: Reminders for deadlines. | BW48: =IF($R48="","",INDEX(Codes!$E$2:$E$108,MATCH("B1|"&$R48,Codes!$A$2:$A$108,0))) -> 3 | BX48: =IF($Y48="","",INDEX(Codes!$E$2:$E$108,MATCH("B4|"&$Y48,Codes!$A$2:$A$108,0))) -> 3 | BY48: =IF($I48="","",INDEX(Codes!$E$2:$E$108,MATCH("A7|"&$I48,Codes!$A$2:$A$108,0))) -> 4 | BZ48: =IF($AU48="","",INDEX(Codes!$E$2:$E$108,MATCH("B8|"&$AU48,Codes!$A$2:$A$108,0))) -> 2 | CA48: =IF($H48="","",INDEX(Codes!$E$2:$E$108,MATCH("A6|"&$H48,Codes!$A$2:$A$108,0))) -> 2 | CB48: =IF($X48="","",IF($X48="phone",1,0)) -> 1 | CC48: =IF($BC48="","",8-$BC48) -> 3 | CD48: S3 Overloaded Jugglers | CE48: 0.479 | CF48: -2.245
A49: R048 | B49: 2026-09-10 22:50 | C49: ta | D49: 30-39 | E49: male | F49: tsb | G49: nl | H49: 1 | I49: 0 | J49: 1 | K49: 0 | L49: 0 | M49: 0 | N49: 0 | O49: 0 | P49: 0 | Q49: 7 | R49: several | S49: 1 | T49: 1 | U49: 0 | V49: 0 | W49: 0 | X49: desktop | Y49: gt30 | Z49: 1 | AA49: 1 | AB49: 1 | AC49: 1 | AD49: 0 | AE49: 1 | AF49: 0 | AG49: 1 | AH49: 1 | AI49: 1 | AJ49: 1 | AK49: 0 | AL49: 0 | AM49: 1 | AN49: 0 | AO49: 0 | AP49: 0 | AQ49: 0 | AR49: 1 | AS49: 0 | AT49: email | AU49: 2-3 | AV49: 0 | AW49: 1 | AX49: 0 | AY49: 0 | AZ49: 1 | BA49: 0 | BB49: 3 | BC49: 5 | BD49: 4 | BE49: 6 | BF49: 1 | BG49: 5 | BH49: 5 | BI49: 6 | BJ49: 7 | BK49: 4 | BL49: 6 | BM49: 2 | BN49: 1 | BO49: 5 | BP49: 2 | BQ49: 3 | BR49: 6 | BS49: 4 | BT49: Peer review assignment: I could not see who was assigned to whom without opening every submission. | BU49: Quiz auto-grading for the weekly checks saves me hours per week. | BW49: =IF($R49="","",INDEX(Codes!$E$2:$E$108,MATCH("B1|"&$R49,Codes!$A$2:$A$108,0))) -> 6 | BX49: =IF($Y49="","",INDEX(Codes!$E$2:$E$108,MATCH("B4|"&$Y49,Codes!$A$2:$A$108,0))) -> 5 | BY49: =IF($I49="","",INDEX(Codes!$E$2:$E$108,MATCH("A7|"&$I49,Codes!$A$2:$A$108,0))) -> 0 | BZ49: =IF($AU49="","",INDEX(Codes!$E$2:$E$108,MATCH("B8|"&$AU49,Codes!$A$2:$A$108,0))) -> 2 | CA49: =IF($H49="","",INDEX(Codes!$E$2:$E$108,MATCH("A6|"&$H49,Codes!$A$2:$A$108,0))) -> 1 | CB49: =IF($X49="","",IF($X49="phone",1,0)) -> 0 | CC49: =IF($BC49="","",8-$BC49) -> 3 | CD49: S4 Power Instructors | CE49: -1.292 | CF49: 2.957
A50: R049 | B50: 2026-09-10 22:57 | C50: msc | D50: 40-49 | E50: male | F50: tisem | G50: eu | H50: 5 | I50: 25+ | J50: 1 | K50: 0 | L50: 0 | M50: 0 | N50: 0 | O50: 0 | P50: 0 | Q50: 5 | R50: 2-3 | S50: 0 | T50: 0 | U50: 1 | V50: 0 | W50: 0 | X50: phone | Y50: 5-15 | Z50: 1 | AA50: 1 | AB50: 0 | AC50: 1 | AD50: 0 | AE50: 0 | AF50: 0 | AG50: 1 | AH50: 1 | AI50: 0 | AJ50: 0 | AK50: 0 | AL50: 0 | AM50: 1 | AN50: 0 | AO50: 0 | AP50: 0 | AQ50: 1 | AR50: 0 | AS50: 0 | AT50: dontknow | AU50: 2-3 | AV50: 0 | AW50: 0 | AX50: 0 | AY50: 0 | AZ50: 1 | BA50: 0 | BB50: 2 | BC50: 5 | BD50: 3 | BE50: 5 | BF50: 3 | BG50: 5 | BH50: 4 | BI50: 5 | BJ50: 4 | BK50: 5 | BL50: 3 | BM50: 3 | BN50: 4 | BO50: 2 | BP50: 1 | BQ50: 5 | BR50: 3 | BS50: 6 | BT50: I submitted the Developmental Psychology assignment from my phone during my lunch break and got no confirmation email. Spent the whole shift wondering if it went through. | BU50: Seeing on Sunday evening exactly what is due in the coming week, at least for the courses that date their assignments. | BV50: I have two kids. I need to know in one minute whether anything changed | BW50: =IF($R50="","",INDEX(Codes!$E$2:$E$108,MATCH("B1|"&$R50,Codes!$A$2:$A$108,0))) -> 3 | BX50: =IF($Y50="","",INDEX(Codes!$E$2:$E$108,MATCH("B4|"&$Y50,Codes!$A$2:$A$108,0))) -> 3 | BY50: =IF($I50="","",INDEX(Codes!$E$2:$E$108,MATCH("A7|"&$I50,Codes!$A$2:$A$108,0))) -> 4 | BZ50: =IF($AU50="","",INDEX(Codes!$E$2:$E$108,MATCH("B8|"&$AU50,Codes!$A$2:$A$108,0))) -> 2 | CA50: =IF($H50="","",INDEX(Codes!$E$2:$E$108,MATCH("A6|"&$H50,Codes!$A$2:$A$108,0))) -> 5 | CB50: =IF($X50="","",IF($X50="phone",1,0)) -> 1 | CC50: =IF($BC50="","",8-$BC50) -> 3 | CD50: S3 Overloaded Jugglers | CE50: -0.494 | CF50: -2.08
A51: R050 | B51: 2026-09-11 00:07 | C51: msc | D51: 21-24 | E51: female | F51: tshd | G51: eu | H51: 5 | I51: 9-16 | J51: 1 | K51: 0 | L51: 0 | M51: 0 | N51: 0 | O51: 0 | P51: 0 | Q51: 7 | R51: daily | S51: 1 | T51: 0 | U51: 0 | V51: 0 | W51: 1 | X51: laptop | Y51: 5-15 | Z51: 1 | AA51: 1 | AB51: 0 | AC51: 0 | AD51: 1 | AE51: 0 | AF51: 0 | AG51: 0 | AH51: 1 | AI51: 0 | AJ51: 0 | AK51: 0 | AL51: 1 | AM51: 0 | AN51: 0 | AO51: 1 | AP51: 0 | AQ51: 1 | AR51: 1 | AS51: 0 | AT51: email | AU51: 2-3 | AV51: 0 | AW51: 1 | AX51: 1 | AY51: 0 | AZ51: 0 | BA51: 0 | BB51: 1 | BC51: 7 | BD51: 5 | BE51: 5 | BF51: 3 | BG51: 1 | BH51: 4 | BI51: 7 | BJ51: 6 | BK51: 4 | BL51: 3 | BM51: 5 | BN51: 1 | BO51: 3 | BP51: 4 | BQ51: 5 | BR51: 2 | BS51: 6 | BT51: A file was replaced by the lecturer, but the old version was still cached in the app. I studied the wrong version for a day. | BU51: Not much, it does the job | BW51: =IF($R51="","",INDEX(Codes!$E$2:$E$108,MATCH("B1|"&$R51,Codes!$A$2:$A$108,0))) -> 5 | BX51: =IF($Y51="","",INDEX(Codes!$E$2:$E$108,MATCH("B4|"&$Y51,Codes!$A$2:$A$108,0))) -> 3 | BY51: =IF($I51="","",INDEX(Codes!$E$2:$E$108,MATCH("A7|"&$I51,Codes!$A$2:$A$108,0))) -> 2 | BZ51: =IF($AU51="","",INDEX(Codes!$E$2:$E$108,MATCH("B8|"&$AU51,Codes!$A$2:$A$108,0))) -> 2 | CA51: =IF($H51="","",INDEX(Codes!$E$2:$E$108,MATCH("A6|"&$H51,Codes!$A$2:$A$108,0))) -> 5 | CB51: =IF($X51="","",IF($X51="phone",1,0)) -> 0 | CC51: =IF($BC51="","",8-$BC51) -> 1 | CD51: S2 Structured Scholars | CE51: 1.172 | CF51: 2.19
A52: R051 | B52: 2026-09-11 03:14 | C52: msc | D52: 21-24 | E52: male | F52: tshd | G52: nl | H52: 4 | I52: 0 | J52: 0 | K52: 0 | L52: 0 | M52: 1 | N52: 0 | O52: 0 | P52: 0 | Q52: 4 | R52: daily | S52: 1 | T52: 0 | U52: 0 | V52: 1 | W52: 0 | X52: phone | Y52: 2-5 | Z52: 1 | AA52: 1 | AB52: 1 | AC52: 0 | AD52: 1 | AE52: 0 | AF52: 0 | AG52: 0 | AH52: 1 | AI52: 0 | AJ52: 0 | AK52: 0 | AL52: 1 | AM52: 1 | AN52: 0 | AO52: 0 | AP52: 1 | AQ52: 1 | AR52: 0 | AS52: 0 | AT52: inapp | AU52: 1 | AV52: 0 | AW52: 1 | AX52: 0 | AY52: 1 | AZ52: 1 | BA52: 0 | BB52: 4 | BC52: 5 | BD52: 5 | BE52: 6 | BF52: 2 | BG52: 2 | BH52: 3 | BI52: 6 | BJ52: 6 | BK52: 6 | BL52: 6 | BM52: 3 | BN52: 3 | BO52: 2 | BP52: 1 | BQ52: 5 | BR52: 4 | BS52: 6 | BT52: Checking my grade for the Philosophy of Mind midterm: the number was there but the class average was hidden, so I couldn't tell if a 6.1 was good or bad. | BU52: Checking a grade in 5 seconds while waiting for coffee. | BV52: I basically live in WhatsApp groups for each course; that's where the real info is | BW52: =IF($R52="","",INDEX(Codes!$E$2:$E$108,MATCH("B1|"&$R52,Codes!$A$2:$A$108,0))) -> 5 | BX52: =IF($Y52="","",INDEX(Codes!$E$2:$E$108,MATCH("B4|"&$Y52,Codes!$A$2:$A$108,0))) -> 2 | BY52: =IF($I52="","",INDEX(Codes!$E$2:$E$108,MATCH("A7|"&$I52,Codes!$A$2:$A$108,0))) -> 0 | BZ52: =IF($AU52="","",INDEX(Codes!$E$2:$E$108,MATCH("B8|"&$AU52,Codes!$A$2:$A$108,0))) -> 1 | CA52: =IF($H52="","",INDEX(Codes!$E$2:$E$108,MATCH("A6|"&$H52,Codes!$A$2:$A$108,0))) -> 4 | CB52: =IF($X52="","",IF($X52="phone",1,0)) -> 1 | CC52: =IF($BC52="","",8-$BC52) -> 3 | CD52: S1 Deadline Sprinters | CE52: -2.967 | CF52: -0.543
A53: R052 | B53: 2026-09-11 04:17 | C53: bsc | D53: 17-20 | E53: female | F53: tshd | G53: nl | H53: 4 | I53: 0 | J53: 1 | K53: 0 | L53: 0 | M53: 0 | N53: 0 | O53: 0 | P53: 0 | Q53: 5 | R53: several | S53: 1 | T53: 0 | U53: 0 | V53: 1 | W53: 0 | X53: phone | Y53: lt2 | Z53: 1 | AA53: 0 | AB53: 0 | AC53: 1 | AD53: 0 | AE53: 0 | AF53: 0 | AG53: 0 | AH53: 1 | AI53: 0 | AJ53: 0 | AK53: 0 | AL53: 0 | AM53: 1 | AN53: 1 | AO53: 0 | AP53: 1 | AQ53: 0 | AR53: 0 | AS53: 0 | AT53: email | AU53: 4-6 | AV53: 0 | AW53: 1 | AX53: 0 | AY53: 1 | AZ53: 0 | BA53: 0 | BB53: 5 | BC53: 2 | BD53: 3 | BE53: 5 | BF53: 5 | BG53: 4 | BH53: 3 | BI53: 5 | BJ53: 6 | BK53: 4 | BL53: 5 | BM53: 4 | BN53: 3 | BO53: 2 | BP53: 1 | BQ53: 4 | BR53: 5 | BS53: 6 | BT53: Deadline was at 23:59 but the app showed a different time after I came back from holiday. I panicked and submitted at 22:00 just to be safe | BU53: Nothing specific. | BW53: =IF($R53="","",INDEX(Codes!$E$2:$E$108,MATCH("B1|"&$R53,Codes!$A$2:$A$108,0))) -> 6 | BX53: =IF($Y53="","",INDEX(Codes!$E$2:$E$108,MATCH("B4|"&$Y53,Codes!$A$2:$A$108,0))) -> 1 | BY53: =IF($I53="","",INDEX(Codes!$E$2:$E$108,MATCH("A7|"&$I53,Codes!$A$2:$A$108,0))) -> 0 | BZ53: =IF($AU53="","",INDEX(Codes!$E$2:$E$108,MATCH("B8|"&$AU53,Codes!$A$2:$A$108,0))) -> 3 | CA53: =IF($H53="","",INDEX(Codes!$E$2:$E$108,MATCH("A6|"&$H53,Codes!$A$2:$A$108,0))) -> 4 | CB53: =IF($X53="","",IF($X53="phone",1,0)) -> 1 | CC53: =IF($BC53="","",8-$BC53) -> 6 | CD53: S1 Deadline Sprinters | CE53: -2.946 | CF53: -1.054
A54: R053 | B54: 2026-09-11 06:26 | C54: staff | D54: 30-39 | E54: female | F54: tsb | G54: nl | H54: 2 | I54: 9-16 | J54: 1 | K54: 0 | L54: 0 | M54: 0 | N54: 0 | O54: 0 | P54: 0 | Q54: 3 | R54: 2-3 | S54: 1 | T54: 1 | U54: 0 | V54: 0 | W54: 0 | X54: desktop | Y54: 5-15 | Z54: 1 | AA54: 1 | AB54: 0 | AC54: 1 | AD54: 1 | AE54: 1 | AF54: 0 | AG54: 0 | AH54: 0 | AI54: 0 | AJ54: 0 | AK54: 0 | AL54: 0 | AM54: 1 | AN54: 0 | AO54: 0 | AP54: 0 | AQ54: 1 | AR54: 1 | AS54: 0 | AT54: email | AU54: 2-3 | AV54: 1 | AW54: 0 | AX54: 0 | AY54: 0 | AZ54: 1 | BA54: 0 | BB54: 4 | BC54: 4 | BD54: 2 | BE54: 7 | BF54: 5 | BG54: 2 | BH54: 4 | BI54: 2 | BJ54: 4 | BK54: 2 | BL54: 3 | BM54: 2 | BN54: 1 | BO54: 3 | BP54: 4 | BQ54: 2 | BR54: 5 | BS54: 6 | BT54: Students come to the desk asking where a grade is and I can't see what they see, so I ask them to turn their laptop around. | BU54: Masquerading as a student to see exactly what they see, when we are allowed to. | BW54: =IF($R54="","",INDEX(Codes!$E$2:$E$108,MATCH("B1|"&$R54,Codes!$A$2:$A$108,0))) -> 3 | BX54: =IF($Y54="","",INDEX(Codes!$E$2:$E$108,MATCH("B4|"&$Y54,Codes!$A$2:$A$108,0))) -> 3 | BY54: =IF($I54="","",INDEX(Codes!$E$2:$E$108,MATCH("A7|"&$I54,Codes!$A$2:$A$108,0))) -> 2 | BZ54: =IF($AU54="","",INDEX(Codes!$E$2:$E$108,MATCH("B8|"&$AU54,Codes!$A$2:$A$108,0))) -> 2 | CA54: =IF($H54="","",INDEX(Codes!$E$2:$E$108,MATCH("A6|"&$H54,Codes!$A$2:$A$108,0))) -> 2 | CB54: =IF($X54="","",IF($X54="phone",1,0)) -> 0 | CC54: =IF($BC54="","",8-$BC54) -> 4 | CD54: S5 Reluctant Instructors | CE54: 2.585 | CF54: -2.523
A55: R054 | B55: 2026-09-11 10:08 | C55: msc | D55: 17-20 | E55: male | F55: tsb | G55: na | H55: 3 | I55: 0 | J55: 1 | K55: 0 | L55: 0 | M55: 0 | N55: 0 | O55: 0 | P55: 0 | Q55: 5 | R55: daily | S55: 1 | T55: 1 | U55: 0 | V55: 1 | W55: 0 | X55: phone | Y55: lt2 | Z55: 1 | AA55: 0 | AB55: 1 | AC55: 0 | AD55: 1 | AE55: 0 | AF55: 0 | AG55: 0 | AH55: 0 | AI55: 0 | AJ55: 0 | AK55: 0 | AL55: 1 | AM55: 0 | AN55: 1 | AO55: 1 | AP55: 1 | AQ55: 0 | AR55: 0 | AS55: 0 | AT55: push | AU55: 2-3 | AV55: 0 | AW55: 0 | AX55: 0 | AY55: 1 | AZ55: 1 | BA55: 0 | BB55: 6 | BC55: 3 | BD55: 6 | BE55: 6 | BF55: 2 | BG55: 3 | BH55: 4 | BI55: 6 | BJ55: 6 | BK55: 3 | BL55: 5 | BM55: 5 | BN55: 3 | BO55: 2 | BP55: 1 | BQ55: 5 | BR55: 4 | BS55: 6 | BT55: i get like 12 emails a day from Canvas. I stopped reading them, and then I missed a change in the deadline for Philosophy of Mind | BU55: The To-do list saved me once: I had forgotten about a quiz and it was there. | BV55: One overview of all deadlines for all courses please. | BW55: =IF($R55="","",INDEX(Codes!$E$2:$E$108,MATCH("B1|"&$R55,Codes!$A$2:$A$108,0))) -> 5 | BX55: =IF($Y55="","",INDEX(Codes!$E$2:$E$108,MATCH("B4|"&$Y55,Codes!$A$2:$A$108,0))) -> 1 | BY55: =IF($I55="","",INDEX(Codes!$E$2:$E$108,MATCH("A7|"&$I55,Codes!$A$2:$A$108,0))) -> 0 | BZ55: =IF($AU55="","",INDEX(Codes!$E$2:$E$108,MATCH("B8|"&$AU55,Codes!$A$2:$A$108,0))) -> 2 | CA55: =IF($H55="","",INDEX(Codes!$E$2:$E$108,MATCH("A6|"&$H55,Codes!$A$2:$A$108,0))) -> 3 | CB55: =IF($X55="","",IF($X55="phone",1,0)) -> 1 | CC55: =IF($BC55="","",8-$BC55) -> 5 | CD55: S1 Deadline Sprinters | CE55: -3.935 | CF55: -0.182
A56: R055 | B56: 2026-09-11 12:37 | C56: lecturer | D56: 40-49 | E56: male | F56: tshd | G56: nl | H56: 2 | I56: 0 | J56: 1 | K56: 0 | L56: 0 | M56: 0 | N56: 0 | O56: 0 | P56: 0 | Q56: 4 | R56: lt1 | S56: 0 | T56: 1 | U56: 0 | V56: 0 | W56: 0 | X56: desktop | Y56: 5-15 | Z56: 1 | AA56: 0 | AB56: 0 | AC56: 1 | AD56: 0 | AE56: 0 | AF56: 0 | AG56: 0 | AH56: 0 | AI56: 0 | AJ56: 0 | AK56: 0 | AL56: 0 | AM56: 0 | AN56: 0 | AO56: 0 | AP56: 1 | AQ56: 0 | AR56: 0 | AS56: 0 | AT56: email | AU56: 2-3 | AV56: 0 | AW56: 1 | AX56: 0 | AY56: 0 | AZ56: 1 | BA56: 0 | BB56: 3 | BC56: 5 | BD56: 1 | BE56: 5 | BF56: 5 | BG56: 3 | BH56: 3 | BI56: 1 | BJ56: 4 | BK56: 2 | BL56: 2 | BM56: 1 | BN56: 1 | BO56: 4 | BP56: 2 | BQ56: 3 | BR56: 6 | BS56: 5 | BT56: The system asked me to set up two-factor authentication on a new phone in the middle of a lecture. | BU56: Students could see the slides right after the lecture without me emailing them. | BW56: =IF($R56="","",INDEX(Codes!$E$2:$E$108,MATCH("B1|"&$R56,Codes!$A$2:$A$108,0))) -> 1 | BX56: =IF($Y56="","",INDEX(Codes!$E$2:$E$108,MATCH("B4|"&$Y56,Codes!$A$2:$A$108,0))) -> 3 | BY56: =IF($I56="","",INDEX(Codes!$E$2:$E$108,MATCH("A7|"&$I56,Codes!$A$2:$A$108,0))) -> 0 | BZ56: =IF($AU56="","",INDEX(Codes!$E$2:$E$108,MATCH("B8|"&$AU56,Codes!$A$2:$A$108,0))) -> 2 | CA56: =IF($H56="","",INDEX(Codes!$E$2:$E$108,MATCH("A6|"&$H56,Codes!$A$2:$A$108,0))) -> 2 | CB56: =IF($X56="","",IF($X56="phone",1,0)) -> 0 | CC56: =IF($BC56="","",8-$BC56) -> 3 | CD56: S5 Reluctant Instructors | CE56: 3.553 | CF56: -2.172
A57: R056 | B57: 2026-09-11 13:28 | C57: lecturer | D57: 30-39 | E57: female | F57: tshd | G57: nl | H57: 3 | I57: 0 | J57: 0 | K57: 0 | L57: 1 | M57: 0 | N57: 0 | O57: 0 | P57: 0 | Q57: 5 | R57: several | S57: 1 | T57: 0 | U57: 0 | V57: 0 | W57: 0 | X57: desktop | Y57: gt30 | Z57: 1 | AA57: 1 | AB57: 1 | AC57: 1 | AD57: 1 | AE57: 1 | AF57: 0 | AG57: 0 | AH57: 1 | AI57: 0 | AJ57: 0 | AK57: 0 | AL57: 0 | AM57: 1 | AN57: 0 | AO57: 0 | AP57: 0 | AQ57: 1 | AR57: 1 | AS57: 0 | AT57: email | AU57: 1 | AV57: 0 | AW57: 0 | AX57: 0 | AY57: 0 | AZ57: 1 | BA57: 0 | BB57: 4 | BC57: 3 | BD57: 3 | BE57: 7 | BF57: 5 | BG57: 5 | BH57: 6 | BI57: 6 | BJ57: 5 | BK57: 3 | BL57: 2 | BM57: 4 | BN57: 2 | BO57: 4 | BP57: 1 | BQ57: 3 | BR57: 5 | BS57: 6 | BT57: students emailed me at 23:50 because the upload failed. I could not see any error on my side, the submission just wasn't there. | BU57: Seeing at a glance who has not submitted and messaging them in one go | BV57: No. | BW57: =IF($R57="","",INDEX(Codes!$E$2:$E$108,MATCH("B1|"&$R57,Codes!$A$2:$A$108,0))) -> 6 | BX57: =IF($Y57="","",INDEX(Codes!$E$2:$E$108,MATCH("B4|"&$Y57,Codes!$A$2:$A$108,0))) -> 5 | BY57: =IF($I57="","",INDEX(Codes!$E$2:$E$108,MATCH("A7|"&$I57,Codes!$A$2:$A$108,0))) -> 0 | BZ57: =IF($AU57="","",INDEX(Codes!$E$2:$E$108,MATCH("B8|"&$AU57,Codes!$A$2:$A$108,0))) -> 1 | CA57: =IF($H57="","",INDEX(Codes!$E$2:$E$108,MATCH("A6|"&$H57,Codes!$A$2:$A$108,0))) -> 3 | CB57: =IF($X57="","",IF($X57="phone",1,0)) -> 0 | CC57: =IF($BC57="","",8-$BC57) -> 5 | CD57: S4 Power Instructors | CE57: -0.282 | CF57: 1.574
A58: R057 | B58: 2026-09-11 15:19 | C58: phd | D58: 21-24 | E58: female | F58: tisem | G58: eu | H58: 2 | I58: 1-8 | J58: 1 | K58: 0 | L58: 0 | M58: 0 | N58: 0 | O58: 0 | P58: 0 | Q58: 7 | R58: 4-6 | S58: 1 | T58: 0 | U58: 0 | V58: 0 | W58: 0 | X58: tablet | Y58: 5-15 | Z58: 1 | AA58: 1 | AB58: 1 | AC58: 1 | AD58: 0 | AE58: 0 | AF58: 1 | AG58: 0 | AH58: 1 | AI58: 0 | AJ58: 1 | AK58: 0 | AL58: 0 | AM58: 0 | AN58: 0 | AO58: 0 | AP58: 1 | AQ58: 0 | AR58: 0 | AS58: 0 | AT58: email | AU58: 2-3 | AV58: 1 | AW58: 1 | AX58: 1 | AY58: 1 | AZ58: 0 | BA58: 0 | BB58: 2 | BC58: 6 | BD58: 4 | BE58: 6 | BF58: 4 | BG58: 5 | BH58: 5 | BI58: 7 | BJ58: 6 | BK58: 3 | BL58: 2 | BM58: 4 | BN58: 2 | BO58: 3 | BP58: 4 | BQ58: 5 | BR58: 1 | BS58: 6 | BT58: Wanted to compare my rubric score with the criteria. They open in a side panel that cuts off the text, and the comments were in yet another tab. | BU58: Recordings with the slide timeline let me jump to the part I needed. | BW58: =IF($R58="","",INDEX(Codes!$E$2:$E$108,MATCH("B1|"&$R58,Codes!$A$2:$A$108,0))) -> 4 | BX58: =IF($Y58="","",INDEX(Codes!$E$2:$E$108,MATCH("B4|"&$Y58,Codes!$A$2:$A$108,0))) -> 3 | BY58: =IF($I58="","",INDEX(Codes!$E$2:$E$108,MATCH("A7|"&$I58,Codes!$A$2:$A$108,0))) -> 1 | BZ58: =IF($AU58="","",INDEX(Codes!$E$2:$E$108,MATCH("B8|"&$AU58,Codes!$A$2:$A$108,0))) -> 2 | CA58: =IF($H58="","",INDEX(Codes!$E$2:$E$108,MATCH("A6|"&$H58,Codes!$A$2:$A$108,0))) -> 2 | CB58: =IF($X58="","",IF($X58="phone",1,0)) -> 0 | CC58: =IF($BC58="","",8-$BC58) -> 2 | CD58: S2 Structured Scholars | CE58: 1.182 | CF58: 1.342
A59: R058 | B59: 2026-09-11 15:31 | C59: bsc | D59: 25-29 | E59: female | F59: tisem | G59: nl | H59: 6+ | I59: 25+ | J59: 1 | K59: 0 | L59: 0 | M59: 0 | N59: 0 | O59: 0 | P59: 0 | Q59: 5 | R59: daily | S59: 1 | T59: 0 | U59: 0 | V59: 0 | W59: 0 | X59: phone | Y59: 2-5 | Z59: 0 | AA59: 1 | AB59: 0 | AC59: 1 | AD59: 0 | AE59: 0 | AF59: 1 | AG59: 0 | AH59: 1 | AI59: 1 | AJ59: 0 | AK59: 0 | AL59: 0 | AM59: 1 | AN59: 0 | AO59: 0 | AP59: 1 | AQ59: 0 | AR59: 1 | AS59: 0 | AT59: email | AU59: 4-6 | AV59: 0 | AW59: 1 | AX59: 0 | AY59: 0 | AZ59: 1 | BA59: 0 | BB59: 4 | BC59: 4 | BD59: 4 | BE59: 7 | BF59: 4 | BG59: 2 | BH59: 4 | BI59: 4 | BJ59: 5 | BK59: 2 | BL59: 3 | BM59: 4 | BN59: 3 | BO59: 1 | BP59: 4 | BQ59: 5 | BR59: 2 | BS59: 6 | BT59: Wanted to watch the recording of a lecture I missed because of work. It was uploaded four days later, with no notification. | BU59: An extension request through the assignment page; the teacher approved it within an hour. | BW59: =IF($R59="","",INDEX(Codes!$E$2:$E$108,MATCH("B1|"&$R59,Codes!$A$2:$A$108,0))) -> 5 | BX59: =IF($Y59="","",INDEX(Codes!$E$2:$E$108,MATCH("B4|"&$Y59,Codes!$A$2:$A$108,0))) -> 2 | BY59: =IF($I59="","",INDEX(Codes!$E$2:$E$108,MATCH("A7|"&$I59,Codes!$A$2:$A$108,0))) -> 4 | BZ59: =IF($AU59="","",INDEX(Codes!$E$2:$E$108,MATCH("B8|"&$AU59,Codes!$A$2:$A$108,0))) -> 3 | CA59: =IF($H59="","",INDEX(Codes!$E$2:$E$108,MATCH("A6|"&$H59,Codes!$A$2:$A$108,0))) -> 6 | CB59: =IF($X59="","",IF($X59="phone",1,0)) -> 1 | CC59: =IF($BC59="","",8-$BC59) -> 4 | CD59: S3 Overloaded Jugglers | CE59: -0.339 | CF59: -2.286
A60: R059 | B60: 2026-09-11 16:14 | C60: msc | D60: 30-39 | E60: female | F60: tshd | G60: nl | H60: 2 | I60: 17-24 | J60: 1 | K60: 0 | L60: 0 | M60: 0 | N60: 0 | O60: 0 | P60: 0 | Q60: 2 | R60: 4-6 | S60: 1 | T60: 0 | U60: 1 | V60: 0 | W60: 0 | X60: laptop | Y60: 5-15 | Z60: 0 | AA60: 0 | AB60: 1 | AC60: 1 | AD60: 0 | AE60: 0 | AF60: 0 | AG60: 0 | AH60: 1 | AI60: 0 | AJ60: 0 | AK60: 0 | AL60: 0 | AM60: 1 | AN60: 0 | AO60: 1 | AP60: 0 | AQ60: 0 | AR60: 0 | AS60: 1 | AT60: email | AU60: 1 | AV60: 0 | AW60: 1 | AX60: 1 | AY60: 1 | AZ60: 1 | BA60: 0 | BB60: 3 | BC60: 6 | BD60: 4 | BE60: 5 | BF60: 3 | BG60: 3 | BH60: 3 | BI60: 5 | BJ60: 6 | BK60: 3 | BL60: 3 | BM60: 2 | BN60: 3 | BO60: 1 | BP60: 5 | BQ60: 4 | BR60: 2 | BS60: 6 | BT60: Slow to load on the campus wifi, especially the Files page. | BU60: The lecturer of Consumer Behaviour posted a weekly 'what to do this week' announcement. In that course I never fell behind. | BW60: =IF($R60="","",INDEX(Codes!$E$2:$E$108,MATCH("B1|"&$R60,Codes!$A$2:$A$108,0))) -> 4 | BX60: =IF($Y60="","",INDEX(Codes!$E$2:$E$108,MATCH("B4|"&$Y60,Codes!$A$2:$A$108,0))) -> 3 | BY60: =IF($I60="","",INDEX(Codes!$E$2:$E$108,MATCH("A7|"&$I60,Codes!$A$2:$A$108,0))) -> 3 | BZ60: =IF($AU60="","",INDEX(Codes!$E$2:$E$108,MATCH("B8|"&$AU60,Codes!$A$2:$A$108,0))) -> 1 | CA60: =IF($H60="","",INDEX(Codes!$E$2:$E$108,MATCH("A6|"&$H60,Codes!$A$2:$A$108,0))) -> 2 | CB60: =IF($X60="","",IF($X60="phone",1,0)) -> 0 | CC60: =IF($BC60="","",8-$BC60) -> 2 | CD60: S3 Overloaded Jugglers | CE60: 1.342 | CF60: -2.389
A61: R060 | B61: 2026-09-11 16:21 | C61: ta | D61: 40-49 | E61: male | F61: tsb | G61: nl | H61: 2 | I61: 1-8 | J61: 1 | K61: 0 | L61: 0 | M61: 0 | N61: 0 | O61: 0 | P61: 0 | Q61: 4 | R61: daily | S61: 1 | T61: 0 | U61: 0 | V61: 0 | W61: 0 | X61: laptop | Y61: 15-30 | Z61: 1 | AA61: 1 | AB61: 1 | AC61: 1 | AD61: 1 | AE61: 1 | AF61: 1 | AG61: 1 | AH61: 0 | AI61: 1 | AJ61: 1 | AK61: 0 | AL61: 1 | AM61: 0 | AN61: 0 | AO61: 0 | AP61: 0 | AQ61: 0 | AR61: 0 | AS61: 0 | AT61: email | AU61: 2-3 | AV61: 0 | AW61: 1 | AX61: 0 | AY61: 0 | AZ61: 1 | BA61: 0 | BB61: 4 | BC61: 2 | BD61: 2 | BE61: 6 | BF61: 3 | BG61: 2 | BH61: 4 | BI61: 7 | BJ61: 6 | BK61: 4 | BL61: 3 | BM61: 4 | BN61: 2 | BO61: 3 | BP61: 1 | BQ61: 6 | BR61: 5 | BS61: 4 | BT61: Re-using a rubric across two courses: you can, but the rubric gets duplicated and any fix must be repeated. | BU61: Nothing specific. | BW61: =IF($R61="","",INDEX(Codes!$E$2:$E$108,MATCH("B1|"&$R61,Codes!$A$2:$A$108,0))) -> 5 | BX61: =IF($Y61="","",INDEX(Codes!$E$2:$E$108,MATCH("B4|"&$Y61,Codes!$A$2:$A$108,0))) -> 4 | BY61: =IF($I61="","",INDEX(Codes!$E$2:$E$108,MATCH("A7|"&$I61,Codes!$A$2:$A$108,0))) -> 1 | BZ61: =IF($AU61="","",INDEX(Codes!$E$2:$E$108,MATCH("B8|"&$AU61,Codes!$A$2:$A$108,0))) -> 2 | CA61: =IF($H61="","",INDEX(Codes!$E$2:$E$108,MATCH("A6|"&$H61,Codes!$A$2:$A$108,0))) -> 2 | CB61: =IF($X61="","",IF($X61="phone",1,0)) -> 0 | CC61: =IF($BC61="","",8-$BC61) -> 6 | CD61: S4 Power Instructors | CE61: -0.791 | CF61: 1.223
A62: R061 | B62: 2026-09-11 17:21 | C62: msc | D62: 40-49 | E62: female | F62: tshd | G62: nl | H62: 3 | I62: 25+ | J62: 1 | K62: 0 | L62: 0 | M62: 0 | N62: 0 | O62: 0 | P62: 0 | Q62: 4 | R62: 1 | S62: 0 | T62: 0 | U62: 1 | V62: 1 | W62: 0 | X62: laptop | Y62: 5-15 | Z62: 0 | AA62: 1 | AB62: 0 | AC62: 0 | AD62: 1 | AE62: 0 | AF62: 0 | AG62: 0 | AH62: 1 | AI62: 0 | AJ62: 0 | AK62: 0 | AL62: 0 | AM62: 0 | AN62: 0 | AO62: 1 | AP62: 0 | AQ62: 0 | AR62: 0 | AS62: 0 | AT62: email | AU62: 2-3 | AV62: 0 | AW62: 0 | AX62: 0 | AY62: 0 | AZ62: 1 | BA62: 0 | BB62: 4 | BC62: 5 | BD62: 4 | BE62: 5 | BF62: 3 | BG62: 5 | BH62: 4 | BI62: 3 | BJ62: 5 | BK62: 4 | BL62: 3 | BM62: 4 | BN62: 3 | BO62: 1 | BP62: 5 | BQ62: 4 | BR62: 2 | BS62: 6 | BT62: Wanted to watch the recording of a lecture I missed because of work. It was uploaded four days later, with no notification. | BU62: Recordings. Without them I could not follow the course while working. | BV62: I have two kids. I need to know in one minute whether anything changed. | BW62: =IF($R62="","",INDEX(Codes!$E$2:$E$108,MATCH("B1|"&$R62,Codes!$A$2:$A$108,0))) -> 2 | BX62: =IF($Y62="","",INDEX(Codes!$E$2:$E$108,MATCH("B4|"&$Y62,Codes!$A$2:$A$108,0))) -> 3 | BY62: =IF($I62="","",INDEX(Codes!$E$2:$E$108,MATCH("A7|"&$I62,Codes!$A$2:$A$108,0))) -> 4 | BZ62: =IF($AU62="","",INDEX(Codes!$E$2:$E$108,MATCH("B8|"&$AU62,Codes!$A$2:$A$108,0))) -> 2 | CA62: =IF($H62="","",INDEX(Codes!$E$2:$E$108,MATCH("A6|"&$H62,Codes!$A$2:$A$108,0))) -> 3 | CB62: =IF($X62="","",IF($X62="phone",1,0)) -> 0 | CC62: =IF($BC62="","",8-$BC62) -> 3 | CD62: S3 Overloaded Jugglers | CE62: 1.117 | CF62: -2.575
A63: R062 | B63: 2026-09-11 17:53 | C63: msc | D63: 30-39 | E63: male | F63: tls | G63: nl | H63: 3 | I63: 25+ | J63: 1 | K63: 0 | L63: 0 | M63: 0 | N63: 0 | O63: 0 | P63: 0 | Q63: 5 | R63: 2-3 | S63: 1 | T63: 1 | U63: 1 | V63: 0 | W63: 0 | X63: laptop | Y63: 2-5 | Z63: 1 | AA63: 0 | AB63: 0 | AC63: 1 | AD63: 1 | AE63: 0 | AF63: 0 | AG63: 1 | AH63: 1 | AI63: 0 | AJ63: 1 | AK63: 0 | AL63: 1 | AM63: 1 | AN63: 0 | AO63: 0 | AP63: 0 | AQ63: 0 | AR63: 0 | AS63: 0 | AT63: email | AU63: 1 | AV63: 0 | AW63: 0 | AX63: 0 | AY63: 1 | AZ63: 1 | BA63: 0 | BB63: 3 | BC63: 7 | BD63: 3 | BE63: 5 | BF63: 5 | BG63: 3 | BH63: 4 | BI63: 5 | BJ63: 4 | BK63: 3 | BL63: 5 | BM63: 2 | BN63: 4 | BO63: 2 | BP63: 3 | BQ63: 6 | BR63: 1 | BS63: 5 | BT63: Emails from Canvas all look the same, 'New announcement in course X'. The important one about exam registration got lost between reminders. | BU63: The lecturer of Text Mining posted a weekly 'what to do this week' announcement. In that course I never fell behind. | BW63: =IF($R63="","",INDEX(Codes!$E$2:$E$108,MATCH("B1|"&$R63,Codes!$A$2:$A$108,0))) -> 3 | BX63: =IF($Y63="","",INDEX(Codes!$E$2:$E$108,MATCH("B4|"&$Y63,Codes!$A$2:$A$108,0))) -> 2 | BY63: =IF($I63="","",INDEX(Codes!$E$2:$E$108,MATCH("A7|"&$I63,Codes!$A$2:$A$108,0))) -> 4 | BZ63: =IF($AU63="","",INDEX(Codes!$E$2:$E$108,MATCH("B8|"&$AU63,Codes!$A$2:$A$108,0))) -> 1 | CA63: =IF($H63="","",INDEX(Codes!$E$2:$E$108,MATCH("A6|"&$H63,Codes!$A$2:$A$108,0))) -> 3 | CB63: =IF($X63="","",IF($X63="phone",1,0)) -> 0 | CC63: =IF($BC63="","",8-$BC63) -> 1 | CD63: S3 Overloaded Jugglers | CE63: 1.107 | CF63: -1.342
A64: R063 | B64: 2026-09-11 21:03 | C64: msc | D64: 25-29 | E64: female | F64: tshd | G64: eu | H64: 2 | I64: 1-8 | J64: 1 | K64: 0 | L64: 0 | M64: 0 | N64: 0 | O64: 0 | P64: 0 | Q64: 7 | R64: 4-6 | S64: 1 | T64: 0 | U64: 0 | V64: 0 | W64: 0 | X64: laptop | Y64: gt30 | Z64: 1 | AA64: 0 | AB64: 0 | AC64: 1 | AD64: 0 | AE64: 1 | AF64: 0 | AG64: 0 | AH64: 1 | AI64: 1 | AJ64: 0 | AK64: 0 | AL64: 1 | AM64: 1 | AN64: 0 | AO64: 0 | AP64: 0 | AQ64: 0 | AR64: 0 | AS64: 0 | AT64: email | AU64: 2-3 | AV64: 0 | AW64: 0 | AX64: 1 | AY64: 1 | AZ64: 0 | BA64: 0 | BB64: 3 | BC64: 5 | BD64: 6 | BE64: 4 | BF64: 3 | BG64: 3 | BH64: 5 | BI64: 6 | BJ64: 7 | BK64: 4 | BL64: 3 | BM64: 4 | BN64: 1 | BO64: 3 | BP64: 4 | BQ64: 5 | BR64: 2 | BS64: 6 | BT64: Search in Canvas only searches the current course, and only some things. I wanted a formula from a slide two weeks ago and ended up opening every PDF. | BU64: The calendar feed into Google Calendar, once the lecturer actually dated everything. | BW64: =IF($R64="","",INDEX(Codes!$E$2:$E$108,MATCH("B1|"&$R64,Codes!$A$2:$A$108,0))) -> 4 | BX64: =IF($Y64="","",INDEX(Codes!$E$2:$E$108,MATCH("B4|"&$Y64,Codes!$A$2:$A$108,0))) -> 5 | BY64: =IF($I64="","",INDEX(Codes!$E$2:$E$108,MATCH("A7|"&$I64,Codes!$A$2:$A$108,0))) -> 1 | BZ64: =IF($AU64="","",INDEX(Codes!$E$2:$E$108,MATCH("B8|"&$AU64,Codes!$A$2:$A$108,0))) -> 2 | CA64: =IF($H64="","",INDEX(Codes!$E$2:$E$108,MATCH("A6|"&$H64,Codes!$A$2:$A$108,0))) -> 2 | CB64: =IF($X64="","",IF($X64="phone",1,0)) -> 0 | CC64: =IF($BC64="","",8-$BC64) -> 3 | CD64: S2 Structured Scholars | CE64: 0.875 | CF64: 2.553
A65: R064 | B65: 2026-09-11 21:17 | C65: lecturer | D65: 40-49 | E65: male | F65: tshd | G65: noneu | H65: 1 | I65: 0 | J65: 1 | K65: 0 | L65: 0 | M65: 0 | N65: 0 | O65: 0 | P65: 0 | Q65: 5 | R65: 2-3 | S65: 1 | T65: 0 | U65: 0 | V65: 0 | W65: 0 | X65: laptop | Y65: 15-30 | Z65: 0 | AA65: 0 | AB65: 0 | AC65: 1 | AD65: 0 | AE65: 0 | AF65: 0 | AG65: 1 | AH65: 0 | AI65: 0 | AJ65: 0 | AK65: 0 | AL65: 0 | AM65: 1 | AN65: 0 | AO65: 0 | AP65: 0 | AQ65: 0 | AR65: 0 | AS65: 0 | AT65: dontknow | AU65: 1 | AV65: 1 | AW65: 0 | AX65: 0 | AY65: 0 | AZ65: 1 | BA65: 0 | BB65: 1 | BC65: 6 | BD65: 4 | BE65: 5 | BF65: 4 | BG65: 3 | BH65: 3 | BI65: 3 | BJ65: 7 | BK65: 2 | BL65: 2 | BM65: 3 | BN65: 1 | BO65: 3 | BP65: 4 | BQ65: 2 | BR65: 5 | BS65: 6 | BT65: I tried to see who was in my tutorial group. The People page listed 300 students from all sections and I could not filter them. | BU65: The TA set everything up and I only had to click publish. | BW65: =IF($R65="","",INDEX(Codes!$E$2:$E$108,MATCH("B1|"&$R65,Codes!$A$2:$A$108,0))) -> 3 | BX65: =IF($Y65="","",INDEX(Codes!$E$2:$E$108,MATCH("B4|"&$Y65,Codes!$A$2:$A$108,0))) -> 4 | BY65: =IF($I65="","",INDEX(Codes!$E$2:$E$108,MATCH("A7|"&$I65,Codes!$A$2:$A$108,0))) -> 0 | BZ65: =IF($AU65="","",INDEX(Codes!$E$2:$E$108,MATCH("B8|"&$AU65,Codes!$A$2:$A$108,0))) -> 1 | CA65: =IF($H65="","",INDEX(Codes!$E$2:$E$108,MATCH("A6|"&$H65,Codes!$A$2:$A$108,0))) -> 1 | CB65: =IF($X65="","",IF($X65="phone",1,0)) -> 0 | CC65: =IF($BC65="","",8-$BC65) -> 2 | CD65: S5 Reluctant Instructors | CE65: 2.466 | CF65: -0.466
A66: R065 | B66: 2026-09-11 21:45 | C66: staff | D66: 50+ | E66: male | F66: tsb | G66: nl | H66: 5 | I66: 0 | J66: 1 | K66: 0 | L66: 0 | M66: 0 | N66: 0 | O66: 0 | P66: 0 | Q66: 5 | R66: several | S66: 1 | T66: 1 | U66: 0 | V66: 0 | W66: 0 | X66: laptop | Y66: gt30 | Z66: 1 | AA66: 1 | AB66: 1 | AC66: 1 | AD66: 0 | AE66: 1 | AF66: 0 | AG66: 0 | AH66: 1 | AI66: 0 | AJ66: 1 | AK66: 0 | AL66: 0 | AM66: 1 | AN66: 0 | AO66: 0 | AP66: 0 | AQ66: 1 | AR66: 0 | AS66: 0 | AT66: email | AU66: 1 | AV66: 1 | AW66: 1 | AX66: 0 | AY66: 1 | AZ66: 1 | BA66: 0 | BB66: 3 | BC66: 5 | BD66: 4 | BE66: 4 | BF66: 2 | BG66: 2 | BH66: 5 | BI66: 6 | BJ66: 5 | BK66: 3 | BL66: 5 | BM66: 4 | BN66: 2 | BO66: 4 | BP66: 1 | BQ66: 3 | BR66: 6 | BS66: 5 | BT66: Checking whether a student really submitted before the deadline: the submission log is hard to read and the time zone is ambiguous. | BU66: Masquerading as a student to see exactly what they see, when we are allowed to | BW66: =IF($R66="","",INDEX(Codes!$E$2:$E$108,MATCH("B1|"&$R66,Codes!$A$2:$A$108,0))) -> 6 | BX66: =IF($Y66="","",INDEX(Codes!$E$2:$E$108,MATCH("B4|"&$Y66,Codes!$A$2:$A$108,0))) -> 5 | BY66: =IF($I66="","",INDEX(Codes!$E$2:$E$108,MATCH("A7|"&$I66,Codes!$A$2:$A$108,0))) -> 0 | BZ66: =IF($AU66="","",INDEX(Codes!$E$2:$E$108,MATCH("B8|"&$AU66,Codes!$A$2:$A$108,0))) -> 1 | CA66: =IF($H66="","",INDEX(Codes!$E$2:$E$108,MATCH("A6|"&$H66,Codes!$A$2:$A$108,0))) -> 5 | CB66: =IF($X66="","",IF($X66="phone",1,0)) -> 0 | CC66: =IF($BC66="","",8-$BC66) -> 3 | CD66: S4 Power Instructors | CE66: -0.7 | CF66: 2.569
A67: R066 | B67: 2026-09-12 00:37 | C67: msc | D67: 21-24 | E67: nonbinary | F67: tshd | G67: nl | H67: 3 | I67: 1-8 | J67: 0 | K67: 0 | L67: 0 | M67: 0 | N67: 0 | O67: 1 | P67: 0 | Q67: 4 | R67: daily | S67: 1 | T67: 0 | U67: 0 | V67: 1 | W67: 0 | X67: laptop | Y67: 5-15 | Z67: 1 | AA67: 1 | AB67: 1 | AC67: 0 | AD67: 0 | AE67: 1 | AF67: 1 | AG67: 1 | AH67: 0 | AI67: 0 | AJ67: 1 | AK67: 0 | AL67: 0 | AM67: 1 | AN67: 1 | AO67: 0 | AP67: 0 | AQ67: 0 | AR67: 0 | AS67: 0 | AT67: push | AU67: 1 | AV67: 1 | AW67: 1 | AX67: 0 | AY67: 1 | AZ67: 0 | BA67: 0 | BB67: 4 | BC67: 4 | BD67: 6 | BE67: 4 | BF67: 2 | BG67: 2 | BH67: 4 | BI67: 7 | BJ67: 4 | BK67: 5 | BL67: 4 | BM67: 4 | BN67: 3 | BO67: 2 | BP67: 1 | BQ67: 4 | BR67: 5 | BS67: 6 | BT67: grades for Machine Learning came in for everyone else but mine said 'submitted' for two days. Turned out I had uploaded the wrong file and nobody told me. | BU67: The announcement about the room change came right before the lecture; I would have gone to the wrong building. | BW67: =IF($R67="","",INDEX(Codes!$E$2:$E$108,MATCH("B1|"&$R67,Codes!$A$2:$A$108,0))) -> 5 | BX67: =IF($Y67="","",INDEX(Codes!$E$2:$E$108,MATCH("B4|"&$Y67,Codes!$A$2:$A$108,0))) -> 3 | BY67: =IF($I67="","",INDEX(Codes!$E$2:$E$108,MATCH("A7|"&$I67,Codes!$A$2:$A$108,0))) -> 1 | BZ67: =IF($AU67="","",INDEX(Codes!$E$2:$E$108,MATCH("B8|"&$AU67,Codes!$A$2:$A$108,0))) -> 1 | CA67: =IF($H67="","",INDEX(Codes!$E$2:$E$108,MATCH("A6|"&$H67,Codes!$A$2:$A$108,0))) -> 3 | CB67: =IF($X67="","",IF($X67="phone",1,0)) -> 0 | CC67: =IF($BC67="","",8-$BC67) -> 4 | CD67: S1 Deadline Sprinters | CE67: -1.747 | CF67: 0.497
A68: R067 | B68: 2026-09-12 01:18 | C68: lecturer | D68: 25-29 | E68: male | F68: tshd | G68: nl | H68: 3 | I68: 0 | J68: 1 | K68: 0 | L68: 0 | M68: 0 | N68: 0 | O68: 0 | P68: 0 | Q68: 6 | R68: several | S68: 1 | T68: 1 | U68: 0 | V68: 1 | W68: 1 | X68: desktop | Y68: 15-30 | Z68: 1 | AA68: 1 | AB68: 1 | AC68: 1 | AD68: 0 | AE68: 0 | AF68: 0 | AG68: 0 | AH68: 0 | AI68: 0 | AJ68: 0 | AK68: 0 | AL68: 1 | AM68: 1 | AN68: 0 | AO68: 1 | AP68: 0 | AQ68: 1 | AR68: 1 | AS68: 0 | AT68: email | AU68: 1 | AV68: 0 | AW68: 1 | AX68: 0 | AY68: 0 | AZ68: 1 | BA68: 0 | BB68: 3 | BC68: 5 | BD68: 4 | BE68: 4 | BF68: 3 | BG68: 5 | BH68: 6 | BI68: 6 | BJ68: 5 | BK68: 3 | BL68: 4 | BM68: 2 | BN68: 2 | BO68: 4 | BP68: 1 | BQ68: 3 | BR68: 6 | BS68: 5 | BT68: setting up the the thesis circle course for the new year: copying the course from last year carried over old due dates that I had to fix one by one, 22 assignments. | BU68: Copying a course from last year, even with the date problem, beats starting from scratch. | BW68: =IF($R68="","",INDEX(Codes!$E$2:$E$108,MATCH("B1|"&$R68,Codes!$A$2:$A$108,0))) -> 6 | BX68: =IF($Y68="","",INDEX(Codes!$E$2:$E$108,MATCH("B4|"&$Y68,Codes!$A$2:$A$108,0))) -> 4 | BY68: =IF($I68="","",INDEX(Codes!$E$2:$E$108,MATCH("A7|"&$I68,Codes!$A$2:$A$108,0))) -> 0 | BZ68: =IF($AU68="","",INDEX(Codes!$E$2:$E$108,MATCH("B8|"&$AU68,Codes!$A$2:$A$108,0))) -> 1 | CA68: =IF($H68="","",INDEX(Codes!$E$2:$E$108,MATCH("A6|"&$H68,Codes!$A$2:$A$108,0))) -> 3 | CB68: =IF($X68="","",IF($X68="phone",1,0)) -> 0 | CC68: =IF($BC68="","",8-$BC68) -> 3 | CD68: S4 Power Instructors | CE68: -0.616 | CF68: 2.101
A69: R068 | B69: 2026-09-12 05:26 | C69: bsc | D69: 21-24 | E69: female | F69: tshd | G69: nl | H69: 3 | I69: 17-24 | J69: 1 | K69: 0 | L69: 0 | M69: 0 | N69: 0 | O69: 0 | P69: 0 | Q69: 5 | R69: 2-3 | S69: 0 | T69: 0 | U69: 1 | V69: 0 | W69: 0 | X69: laptop | Y69: 5-15 | Z69: 1 | AA69: 0 | AB69: 0 | AC69: 0 | AD69: 0 | AE69: 1 | AF69: 1 | AG69: 0 | AH69: 1 | AI69: 0 | AJ69: 0 | AK69: 0 | AL69: 0 | AM69: 0 | AN69: 0 | AO69: 0 | AP69: 1 | AQ69: 0 | AR69: 1 | AS69: 0 | AT69: email | AU69: 0 | AV69: 1 | AW69: 1 | AX69: 0 | AY69: 1 | AZ69: 0 | BA69: 0 | BB69: 5 | BC69: 4 | BD69: 2 | BE69: 6 | BF69: 4 | BG69: 3 | BH69: 4 | BI69: 4 | BJ69: 4 | BK69: 5 | BL69: 4 | BM69: 3 | BN69: 3 | BO69: 1 | BP69: 4 | BQ69: 5 | BR69: 2 | BS69: 6 | BT69: Can't find where the lecturer said what is graded and what is optional. It was mentioned in the lecture I missed. | BW69: =IF($R69="","",INDEX(Codes!$E$2:$E$108,MATCH("B1|"&$R69,Codes!$A$2:$A$108,0))) -> 3 | BX69: =IF($Y69="","",INDEX(Codes!$E$2:$E$108,MATCH("B4|"&$Y69,Codes!$A$2:$A$108,0))) -> 3 | BY69: =IF($I69="","",INDEX(Codes!$E$2:$E$108,MATCH("A7|"&$I69,Codes!$A$2:$A$108,0))) -> 3 | BZ69: =IF($AU69="","",INDEX(Codes!$E$2:$E$108,MATCH("B8|"&$AU69,Codes!$A$2:$A$108,0))) -> 0 | CA69: =IF($H69="","",INDEX(Codes!$E$2:$E$108,MATCH("A6|"&$H69,Codes!$A$2:$A$108,0))) -> 3 | CB69: =IF($X69="","",IF($X69="phone",1,0)) -> 0 | CC69: =IF($BC69="","",8-$BC69) -> 4 | CD69: S3 Overloaded Jugglers | CE69: 0.506 | CF69: -1.65
A70: R069 | B70: 2026-09-12 11:09 | C70: phd | D70: 21-24 | E70: male | F70: tshd | G70: eu | H70: 2 | I70: 1-8 | J70: 1 | K70: 0 | L70: 0 | M70: 0 | N70: 0 | O70: 0 | P70: 0 | Q70: 6 | R70: daily | S70: 1 | T70: 0 | U70: 0 | V70: 0 | W70: 1 | X70: laptop | Y70: gt30 | Z70: 1 | AA70: 1 | AB70: 1 | AC70: 1 | AD70: 0 | AE70: 0 | AF70: 1 | AG70: 0 | AH70: 1 | AI70: 0 | AJ70: 1 | AK70: 0 | AL70: 1 | AM70: 0 | AN70: 0 | AO70: 0 | AP70: 0 | AQ70: 1 | AR70: 0 | AS70: 0 | AT70: email | AU70: 2-3 | AV70: 0 | AW70: 1 | AX70: 0 | AY70: 1 | AZ70: 0 | BA70: 0 | BB70: 3 | BC70: 4 | BD70: 3 | BE70: 4 | BF70: 4 | BG70: 2 | BH70: 4 | BI70: 6 | BJ70: 6 | BK70: 4 | BL70: 4 | BM70: 4 | BN70: 1 | BO70: 3 | BP70: 4 | BQ70: 5 | BR70: 2 | BS70: 6 | BT70: the recordings for Intro to Economics are in a separate tool that opens in a new tab, and the link is buried in a module item with no thumbnail. I bookmark it because I can never find it twice. | BU70: The Modules page for Machine Learning was set up week by week with readings, slides and the recording in one place. That is how every course should look. | BW70: =IF($R70="","",INDEX(Codes!$E$2:$E$108,MATCH("B1|"&$R70,Codes!$A$2:$A$108,0))) -> 5 | BX70: =IF($Y70="","",INDEX(Codes!$E$2:$E$108,MATCH("B4|"&$Y70,Codes!$A$2:$A$108,0))) -> 5 | BY70: =IF($I70="","",INDEX(Codes!$E$2:$E$108,MATCH("A7|"&$I70,Codes!$A$2:$A$108,0))) -> 1 | BZ70: =IF($AU70="","",INDEX(Codes!$E$2:$E$108,MATCH("B8|"&$AU70,Codes!$A$2:$A$108,0))) -> 2 | CA70: =IF($H70="","",INDEX(Codes!$E$2:$E$108,MATCH("A6|"&$H70,Codes!$A$2:$A$108,0))) -> 2 | CB70: =IF($X70="","",IF($X70="phone",1,0)) -> 0 | CC70: =IF($BC70="","",8-$BC70) -> 4 | CD70: S2 Structured Scholars | CE70: 1.321 | CF70: 2.133
A71: R070 | B71: 2026-09-12 11:22 | C71: msc | D71: 21-24 | E71: female | F71: tshd | G71: eu | H71: 2 | I71: 25+ | J71: 1 | K71: 0 | L71: 0 | M71: 0 | N71: 0 | O71: 0 | P71: 0 | Q71: 6 | R71: 4-6 | S71: 1 | T71: 0 | U71: 1 | V71: 0 | W71: 0 | X71: laptop | Y71: 5-15 | Z71: 1 | AA71: 1 | AB71: 1 | AC71: 1 | AD71: 0 | AE71: 0 | AF71: 0 | AG71: 1 | AH71: 0 | AI71: 0 | AJ71: 0 | AK71: 0 | AL71: 0 | AM71: 0 | AN71: 1 | AO71: 0 | AP71: 1 | AQ71: 0 | AR71: 1 | AS71: 0 | AT71: email | AU71: 2-3 | AV71: 0 | AW71: 1 | AX71: 0 | AY71: 1 | AZ71: 0 | BA71: 0 | BB71: 6 | BC71: 1 | BD71: 4 | BE71: 7 | BF71: 3 | BG71: 1 | BH71: 4 | BI71: 5 | BJ71: 4 | BK71: 2 | BL71: 4 | BM71: 3 | BN71: 3 | BO71: 1 | BP71: 5 | BQ71: 6 | BR71: 2 | BS71: 4 | BT71: Notification emails arrive during my working hours and are gone from my head by the evening. I have missed two small deadlines that way. | BU71: The e-mail digest once a day instead of every announcement, once I found the setting. | BV71: Recordings uploaded the same day. | BW71: =IF($R71="","",INDEX(Codes!$E$2:$E$108,MATCH("B1|"&$R71,Codes!$A$2:$A$108,0))) -> 4 | BX71: =IF($Y71="","",INDEX(Codes!$E$2:$E$108,MATCH("B4|"&$Y71,Codes!$A$2:$A$108,0))) -> 3 | BY71: =IF($I71="","",INDEX(Codes!$E$2:$E$108,MATCH("A7|"&$I71,Codes!$A$2:$A$108,0))) -> 4 | BZ71: =IF($AU71="","",INDEX(Codes!$E$2:$E$108,MATCH("B8|"&$AU71,Codes!$A$2:$A$108,0))) -> 2 | CA71: =IF($H71="","",INDEX(Codes!$E$2:$E$108,MATCH("A6|"&$H71,Codes!$A$2:$A$108,0))) -> 2 | CB71: =IF($X71="","",IF($X71="phone",1,0)) -> 0 | CC71: =IF($BC71="","",8-$BC71) -> 7 | CD71: S3 Overloaded Jugglers | CE71: -0.324 | CF71: -0.967
A72: R071 | B72: 2026-09-12 12:13 | C72: bsc | D72: 21-24 | E72: female | F72: other | G72: nl | H72: 3 | I72: 0 | J72: 1 | K72: 0 | L72: 0 | M72: 0 | N72: 0 | O72: 0 | P72: 0 | Q72: 3 | R72: 4-6 | S72: 1 | T72: 0 | U72: 0 | V72: 1 | W72: 0 | X72: desktop | Y72: 5-15 | Z72: 1 | AA72: 1 | AB72: 1 | AC72: 1 | AD72: 0 | AE72: 0 | AF72: 0 | AG72: 1 | AH72: 1 | AI72: 1 | AJ72: 1 | AK72: 0 | AL72: 0 | AM72: 1 | AN72: 0 | AO72: 1 | AP72: 0 | AQ72: 1 | AR72: 1 | AS72: 0 | AT72: push | AU72: 1 | AV72: 1 | AW72: 1 | AX72: 1 | AY72: 1 | AZ72: 0 | BA72: 0 | BB72: 1 | BC72: 7 | BD72: 5 | BE72: 2 | BF72: 6 | BG72: 3 | BH72: 5 | BI72: 7 | BJ72: 5 | BK72: 4 | BL72: 4 | BM72: 4 | BN72: 1 | BO72: 5 | BP72: 3 | BQ72: 6 | BR72: 2 | BS72: 4 | BT72: a file was replaced by the lecturer, but the old version was still cached in the app. I studied the wrong version for a day. | BV72: Let me search across all courses and inside PDFs. | BW72: =IF($R72="","",INDEX(Codes!$E$2:$E$108,MATCH("B1|"&$R72,Codes!$A$2:$A$108,0))) -> 4 | BX72: =IF($Y72="","",INDEX(Codes!$E$2:$E$108,MATCH("B4|"&$Y72,Codes!$A$2:$A$108,0))) -> 3 | BY72: =IF($I72="","",INDEX(Codes!$E$2:$E$108,MATCH("A7|"&$I72,Codes!$A$2:$A$108,0))) -> 0 | BZ72: =IF($AU72="","",INDEX(Codes!$E$2:$E$108,MATCH("B8|"&$AU72,Codes!$A$2:$A$108,0))) -> 1 | CA72: =IF($H72="","",INDEX(Codes!$E$2:$E$108,MATCH("A6|"&$H72,Codes!$A$2:$A$108,0))) -> 3 | CB72: =IF($X72="","",IF($X72="phone",1,0)) -> 0 | CC72: =IF($BC72="","",8-$BC72) -> 1 | CD72: S2 Structured Scholars | CE72: 2.123 | CF72: 2.973
A73: R072 | B73: 2026-09-12 14:21 | C73: msc | D73: 21-24 | E73: male | F73: tisem | G73: noneu | H73: 3 | I73: 9-16 | J73: 1 | K73: 0 | L73: 0 | M73: 0 | N73: 0 | O73: 0 | P73: 0 | Q73: 7 | R73: 4-6 | S73: 1 | T73: 0 | U73: 0 | V73: 0 | W73: 0 | X73: laptop | Y73: 15-30 | Z73: 1 | AA73: 1 | AB73: 0 | AC73: 1 | AD73: 1 | AE73: 1 | AF73: 1 | AG73: 1 | AH73: 1 | AI73: 1 | AJ73: 1 | AK73: 0 | AL73: 0 | AM73: 1 | AN73: 0 | AO73: 0 | AP73: 1 | AQ73: 1 | AR73: 0 | AS73: 1 | AT73: push | AU73: 2-3 | AV73: 1 | AW73: 1 | AX73: 0 | AY73: 0 | AZ73: 0 | BA73: 0 | BB73: 4 | BC73: 3 | BD73: 4 | BE73: 5 | BF73: 4 | BG73: 1 | BH73: 5 | BI73: 7 | BJ73: 6 | BK73: 5 | BL73: 5 | BM73: 4 | BN73: 2 | BO73: 3 | BP73: 4 | BQ73: 6 | BR73: 1 | BS73: 5 | BT73: For Human-Computer Interaction the lecturer uploaded v1, v2 and v2_final of the slides in the same folder. No way to tell which one is current without opening all three. | BU73: Having every submission I ever made in one place when I wrote my thesis. | BW73: =IF($R73="","",INDEX(Codes!$E$2:$E$108,MATCH("B1|"&$R73,Codes!$A$2:$A$108,0))) -> 4 | BX73: =IF($Y73="","",INDEX(Codes!$E$2:$E$108,MATCH("B4|"&$Y73,Codes!$A$2:$A$108,0))) -> 4 | BY73: =IF($I73="","",INDEX(Codes!$E$2:$E$108,MATCH("A7|"&$I73,Codes!$A$2:$A$108,0))) -> 2 | BZ73: =IF($AU73="","",INDEX(Codes!$E$2:$E$108,MATCH("B8|"&$AU73,Codes!$A$2:$A$108,0))) -> 2 | CA73: =IF($H73="","",INDEX(Codes!$E$2:$E$108,MATCH("A6|"&$H73,Codes!$A$2:$A$108,0))) -> 3 | CB73: =IF($X73="","",IF($X73="phone",1,0)) -> 0 | CC73: =IF($BC73="","",8-$BC73) -> 5 | CD73: S2 Structured Scholars | CE73: 0.077 | CF73: 2.397
A74: R073 | B74: 2026-09-12 14:40 | C74: bsc | D74: 25-29 | E74: male | F74: tisem | G74: eu | H74: 4 | I74: 17-24 | J74: 1 | K74: 0 | L74: 0 | M74: 0 | N74: 0 | O74: 0 | P74: 0 | Q74: 3 | R74: 2-3 | S74: 1 | T74: 0 | U74: 1 | V74: 0 | W74: 0 | X74: laptop | Y74: 2-5 | Z74: 1 | AA74: 1 | AB74: 1 | AC74: 1 | AD74: 0 | AE74: 0 | AF74: 1 | AG74: 1 | AH74: 1 | AI74: 0 | AJ74: 0 | AK74: 0 | AL74: 0 | AM74: 1 | AN74: 0 | AO74: 0 | AP74: 0 | AQ74: 0 | AR74: 1 | AS74: 1 | AT74: email | AU74: 2-3 | AV74: 0 | AW74: 1 | AX74: 0 | AY74: 1 | AZ74: 0 | BA74: 0 | BB74: 3 | BC74: 7 | BD74: 3 | BE74: 6 | BF74: 4 | BG74: 2 | BH74: 4 | BI74: 3 | BJ74: 3 | BK74: 4 | BL74: 3 | BM74: 4 | BN74: 3 | BO74: 1 | BP74: 4 | BQ74: 5 | BR74: 2 | BS74: 6 | BT74: Deadlines at 23:59 on weekdays are hard when you work evenings. I found out about the Research Methods quiz window on the day it closed. | BU74: An extension request through the assignment page; the teacher approved it within an hour. | BW74: =IF($R74="","",INDEX(Codes!$E$2:$E$108,MATCH("B1|"&$R74,Codes!$A$2:$A$108,0))) -> 3 | BX74: =IF($Y74="","",INDEX(Codes!$E$2:$E$108,MATCH("B4|"&$Y74,Codes!$A$2:$A$108,0))) -> 2 | BY74: =IF($I74="","",INDEX(Codes!$E$2:$E$108,MATCH("A7|"&$I74,Codes!$A$2:$A$108,0))) -> 3 | BZ74: =IF($AU74="","",INDEX(Codes!$E$2:$E$108,MATCH("B8|"&$AU74,Codes!$A$2:$A$108,0))) -> 2 | CA74: =IF($H74="","",INDEX(Codes!$E$2:$E$108,MATCH("A6|"&$H74,Codes!$A$2:$A$108,0))) -> 4 | CB74: =IF($X74="","",IF($X74="phone",1,0)) -> 0 | CC74: =IF($BC74="","",8-$BC74) -> 1 | CD74: S3 Overloaded Jugglers | CE74: 2.068 | CF74: -2.6
A75: R074 | B75: 2026-09-12 16:11 | C75: ta | D75: 40-49 | E75: female | F75: tisem | G75: eu | H75: 2 | I75: 9-16 | J75: 1 | K75: 0 | L75: 0 | M75: 0 | N75: 0 | O75: 0 | P75: 0 | Q75: 3 | R75: lt1 | S75: 0 | T75: 1 | U75: 0 | V75: 0 | W75: 0 | X75: desktop | Y75: 5-15 | Z75: 1 | AA75: 0 | AB75: 0 | AC75: 1 | AD75: 0 | AE75: 0 | AF75: 0 | AG75: 0 | AH75: 1 | AI75: 0 | AJ75: 1 | AK75: 0 | AL75: 0 | AM75: 1 | AN75: 0 | AO75: 0 | AP75: 0 | AQ75: 1 | AR75: 1 | AS75: 0 | AT75: email | AU75: 2-3 | AV75: 1 | AW75: 1 | AX75: 0 | AY75: 1 | AZ75: 1 | BA75: 0 | BB75: 4 | BC75: 5 | BD75: 2 | BE75: 7 | BF75: 3 | BG75: 4 | BH75: 4 | BI75: 2 | BJ75: 3 | BK75: 3 | BL75: 3 | BM75: 2 | BN75: 1 | BO75: 2 | BP75: 4 | BQ75: 3 | BR75: 5 | BS75: 6 | BT75: I wanted to reply to a student's comment on a submission and could not find where to type. Ended up emailing them. | BU75: Announcements reach everybody at once, unlike my email list which is always outdated. | BV75: I rely on my TA for everything in Canvas. | BW75: =IF($R75="","",INDEX(Codes!$E$2:$E$108,MATCH("B1|"&$R75,Codes!$A$2:$A$108,0))) -> 1 | BX75: =IF($Y75="","",INDEX(Codes!$E$2:$E$108,MATCH("B4|"&$Y75,Codes!$A$2:$A$108,0))) -> 3 | BY75: =IF($I75="","",INDEX(Codes!$E$2:$E$108,MATCH("A7|"&$I75,Codes!$A$2:$A$108,0))) -> 2 | BZ75: =IF($AU75="","",INDEX(Codes!$E$2:$E$108,MATCH("B8|"&$AU75,Codes!$A$2:$A$108,0))) -> 2 | CA75: =IF($H75="","",INDEX(Codes!$E$2:$E$108,MATCH("A6|"&$H75,Codes!$A$2:$A$108,0))) -> 2 | CB75: =IF($X75="","",IF($X75="phone",1,0)) -> 0 | CC75: =IF($BC75="","",8-$BC75) -> 3 | CD75: S5 Reluctant Instructors | CE75: 2.557 | CF75: -3.302
A76: R075 | B76: 2026-09-12 16:34 | C76: msc | D76: 21-24 | E76: male | F76: tshd | G76: nl | H76: 3 | I76: 17-24 | J76: 0 | K76: 0 | L76: 0 | M76: 1 | N76: 0 | O76: 1 | P76: 0 | Q76: 6 | R76: 4-6 | S76: 1 | T76: 0 | U76: 0 | V76: 0 | W76: 0 | X76: laptop | Y76: gt30 | Z76: 1 | AA76: 1 | AB76: 1 | AC76: 1 | AD76: 1 | AE76: 0 | AF76: 0 | AG76: 0 | AH76: 1 | AI76: 0 | AJ76: 1 | AK76: 0 | AL76: 1 | AM76: 0 | AN76: 0 | AO76: 1 | AP76: 0 | AQ76: 1 | AR76: 1 | AS76: 1 | AT76: email | AU76: 7+ | AV76: 1 | AW76: 1 | AX76: 1 | AY76: 0 | AZ76: 0 | BA76: 0 | BB76: 1 | BC76: 7 | BD76: 4 | BE76: 5 | BF76: 2 | BG76: 2 | BH76: 6 | BI76: 2 | BJ76: 3 | BK76: 3 | BL76: 1 | BM76: 2 | BN76: 1 | BO76: 4 | BP76: 3 | BQ76: 5 | BR76: 2 | BS76: 6 | BT76: Videos with no transcript and no captions in Corporate Finance; the lecture was the only place where the exam format was explained. | BU76: the extra time setting worked for the exam quiz once the lecturer set it. | BV76: ask disabled students before you design; we are not an edge case. | BW76: =IF($R76="","",INDEX(Codes!$E$2:$E$108,MATCH("B1|"&$R76,Codes!$A$2:$A$108,0))) -> 4 | BX76: =IF($Y76="","",INDEX(Codes!$E$2:$E$108,MATCH("B4|"&$Y76,Codes!$A$2:$A$108,0))) -> 5 | BY76: =IF($I76="","",INDEX(Codes!$E$2:$E$108,MATCH("A7|"&$I76,Codes!$A$2:$A$108,0))) -> 3 | BZ76: =IF($AU76="","",INDEX(Codes!$E$2:$E$108,MATCH("B8|"&$AU76,Codes!$A$2:$A$108,0))) -> 4 | CA76: =IF($H76="","",INDEX(Codes!$E$2:$E$108,MATCH("A6|"&$H76,Codes!$A$2:$A$108,0))) -> 3 | CB76: =IF($X76="","",IF($X76="phone",1,0)) -> 0 | CC76: =IF($BC76="","",8-$BC76) -> 1 | CD76: S6 Access-First Learners | CE76: 4.201 | CF76: 0.395
A77: R076 | B77: 2026-09-12 16:46 | C77: bsc | D77: 17-20 | E77: female | F77: tshd | G77: eu | H77: 4 | I77: 9-16 | J77: 1 | K77: 0 | L77: 0 | M77: 0 | N77: 0 | O77: 0 | P77: 0 | Q77: 5 | R77: several | S77: 0 | T77: 0 | U77: 1 | V77: 0 | W77: 0 | X77: phone | Y77: 2-5 | Z77: 1 | AA77: 0 | AB77: 1 | AC77: 1 | AD77: 0 | AE77: 1 | AF77: 0 | AG77: 0 | AH77: 0 | AI77: 1 | AJ77: 0 | AK77: 0 | AL77: 0 | AM77: 0 | AN77: 1 | AO77: 0 | AP77: 1 | AQ77: 0 | AR77: 1 | AS77: 0 | AT77: push | AU77: 0 | AV77: 0 | AW77: 1 | AX77: 0 | AY77: 1 | AZ77: 0 | BA77: 0 | BB77: 3 | BC77: 7 | BD77: 4 | BE77: 7 | BF77: 2 | BG77: 4 | BH77: 3 | BI77: 6 | BJ77: 4 | BK77: 3 | BL77: 5 | BM77: 4 | BN77: 3 | BO77: 2 | BP77: 1 | BQ77: 4 | BR77: 5 | BS77: 6 | BT77: Grades for Qualitative Methods came in for everyone else but mine said 'submitted' for two days. Turned out I had uploaded the wrong file and nobody told me. | BW77: =IF($R77="","",INDEX(Codes!$E$2:$E$108,MATCH("B1|"&$R77,Codes!$A$2:$A$108,0))) -> 6 | BX77: =IF($Y77="","",INDEX(Codes!$E$2:$E$108,MATCH("B4|"&$Y77,Codes!$A$2:$A$108,0))) -> 2 | BY77: =IF($I77="","",INDEX(Codes!$E$2:$E$108,MATCH("A7|"&$I77,Codes!$A$2:$A$108,0))) -> 2 | BZ77: =IF($AU77="","",INDEX(Codes!$E$2:$E$108,MATCH("B8|"&$AU77,Codes!$A$2:$A$108,0))) -> 0 | CA77: =IF($H77="","",INDEX(Codes!$E$2:$E$108,MATCH("A6|"&$H77,Codes!$A$2:$A$108,0))) -> 4 | CB77: =IF($X77="","",IF($X77="phone",1,0)) -> 1 | CC77: =IF($BC77="","",8-$BC77) -> 1 | CD77: S1 Deadline Sprinters | CE77: -2.51 | CF77: -1.008
A78: R077 | B78: 2026-09-12 17:14 | C78: bsc | D78: 21-24 | E78: nonbinary | F78: tls | G78: noneu | H78: 6+ | I78: 17-24 | J78: 0 | K78: 0 | L78: 0 | M78: 1 | N78: 0 | O78: 0 | P78: 0 | Q78: 6 | R78: several | S78: 1 | T78: 0 | U78: 1 | V78: 0 | W78: 0 | X78: phone | Y78: lt2 | Z78: 1 | AA78: 1 | AB78: 1 | AC78: 0 | AD78: 0 | AE78: 0 | AF78: 0 | AG78: 0 | AH78: 1 | AI78: 0 | AJ78: 0 | AK78: 0 | AL78: 0 | AM78: 1 | AN78: 0 | AO78: 0 | AP78: 1 | AQ78: 0 | AR78: 0 | AS78: 0 | AT78: push | AU78: 0 | AV78: 0 | AW78: 1 | AX78: 0 | AY78: 1 | AZ78: 0 | BA78: 0 | BB78: 5 | BC78: 4 | BD78: 4 | BE78: 5 | BF78: 2 | BG78: 5 | BH78: 2 | BI78: 6 | BJ78: 5 | BK78: 3 | BL78: 4 | BM78: 4 | BN78: 3 | BO78: 1 | BP78: 2 | BQ78: 4 | BR78: 5 | BS78: 6 | BT78: Wanted to check if my Consumer Behaviour grade was in during the break. The app showed the assignment as 'graded' but the number only appeared after I logged in on my laptop that evening. | BU78: Reminders for deadlines. | BV78: Just make everything work on the phone. | BW78: =IF($R78="","",INDEX(Codes!$E$2:$E$108,MATCH("B1|"&$R78,Codes!$A$2:$A$108,0))) -> 6 | BX78: =IF($Y78="","",INDEX(Codes!$E$2:$E$108,MATCH("B4|"&$Y78,Codes!$A$2:$A$108,0))) -> 1 | BY78: =IF($I78="","",INDEX(Codes!$E$2:$E$108,MATCH("A7|"&$I78,Codes!$A$2:$A$108,0))) -> 3 | BZ78: =IF($AU78="","",INDEX(Codes!$E$2:$E$108,MATCH("B8|"&$AU78,Codes!$A$2:$A$108,0))) -> 0 | CA78: =IF($H78="","",INDEX(Codes!$E$2:$E$108,MATCH("A6|"&$H78,Codes!$A$2:$A$108,0))) -> 6 | CB78: =IF($X78="","",IF($X78="phone",1,0)) -> 1 | CC78: =IF($BC78="","",8-$BC78) -> 4 | CD78: S1 Deadline Sprinters | CE78: -3.472 | CF78: -1.647
A79: R078 | B79: 2026-09-12 17:24 | C79: bsc | D79: 17-20 | E79: male | F79: tisem | G79: nl | H79: 5 | I79: 1-8 | J79: 1 | K79: 0 | L79: 0 | M79: 0 | N79: 0 | O79: 0 | P79: 0 | Q79: 4 | R79: several | S79: 1 | T79: 0 | U79: 0 | V79: 1 | W79: 0 | X79: phone | Y79: 2-5 | Z79: 1 | AA79: 1 | AB79: 1 | AC79: 1 | AD79: 1 | AE79: 0 | AF79: 0 | AG79: 0 | AH79: 0 | AI79: 0 | AJ79: 0 | AK79: 0 | AL79: 0 | AM79: 0 | AN79: 0 | AO79: 0 | AP79: 1 | AQ79: 0 | AR79: 1 | AS79: 0 | AT79: push | AU79: 4-6 | AV79: 0 | AW79: 0 | AX79: 1 | AY79: 1 | AZ79: 0 | BA79: 0 | BB79: 4 | BC79: 3 | BD79: 5 | BE79: 5 | BF79: 2 | BG79: 2 | BH79: 2 | BI79: 6 | BJ79: 6 | BK79: 4 | BL79: 5 | BM79: 2 | BN79: 2 | BO79: 1 | BP79: 3 | BQ79: 4 | BR79: 5 | BS79: 6 | BT79: The app logged me out again and the 2FA code took forever. By the time I was in I forgot what I wanted to check. | BU79: When the teacher replied to my comment on my submission I saw it immediately in the app. | BW79: =IF($R79="","",INDEX(Codes!$E$2:$E$108,MATCH("B1|"&$R79,Codes!$A$2:$A$108,0))) -> 6 | BX79: =IF($Y79="","",INDEX(Codes!$E$2:$E$108,MATCH("B4|"&$Y79,Codes!$A$2:$A$108,0))) -> 2 | BY79: =IF($I79="","",INDEX(Codes!$E$2:$E$108,MATCH("A7|"&$I79,Codes!$A$2:$A$108,0))) -> 1 | BZ79: =IF($AU79="","",INDEX(Codes!$E$2:$E$108,MATCH("B8|"&$AU79,Codes!$A$2:$A$108,0))) -> 3 | CA79: =IF($H79="","",INDEX(Codes!$E$2:$E$108,MATCH("A6|"&$H79,Codes!$A$2:$A$108,0))) -> 5 | CB79: =IF($X79="","",IF($X79="phone",1,0)) -> 1 | CC79: =IF($BC79="","",8-$BC79) -> 5 | CD79: S1 Deadline Sprinters | CE79: -2.132 | CF79: -1.576
A80: R079 | B80: 2026-09-12 18:07 | C80: ta | D80: 40-49 | E80: female | F80: tisem | G80: eu | H80: 1 | I80: 0 | J80: 1 | K80: 0 | L80: 0 | M80: 0 | N80: 0 | O80: 0 | P80: 0 | Q80: 4 | R80: daily | S80: 1 | T80: 0 | U80: 1 | V80: 0 | W80: 0 | X80: laptop | Y80: gt30 | Z80: 1 | AA80: 1 | AB80: 1 | AC80: 1 | AD80: 0 | AE80: 1 | AF80: 1 | AG80: 1 | AH80: 0 | AI80: 0 | AJ80: 0 | AK80: 0 | AL80: 1 | AM80: 0 | AN80: 0 | AO80: 0 | AP80: 0 | AQ80: 1 | AR80: 1 | AS80: 0 | AT80: off | AU80: 2-3 | AV80: 0 | AW80: 0 | AX80: 0 | AY80: 1 | AZ80: 1 | BA80: 0 | BB80: 5 | BC80: 3 | BD80: 3 | BE80: 7 | BF80: 3 | BG80: 4 | BH80: 4 | BI80: 7 | BJ80: 5 | BK80: 1 | BL80: 7 | BM80: 3 | BN80: 1 | BO80: 4 | BP80: 2 | BQ80: 3 | BR80: 5 | BS80: 6 | BT80: An announcement I scheduled for Monday 08:00 went out Sunday evening because the time zone reverted. Students thought there was a change of plan. | BW80: =IF($R80="","",INDEX(Codes!$E$2:$E$108,MATCH("B1|"&$R80,Codes!$A$2:$A$108,0))) -> 5 | BX80: =IF($Y80="","",INDEX(Codes!$E$2:$E$108,MATCH("B4|"&$Y80,Codes!$A$2:$A$108,0))) -> 5 | BY80: =IF($I80="","",INDEX(Codes!$E$2:$E$108,MATCH("A7|"&$I80,Codes!$A$2:$A$108,0))) -> 0 | BZ80: =IF($AU80="","",INDEX(Codes!$E$2:$E$108,MATCH("B8|"&$AU80,Codes!$A$2:$A$108,0))) -> 2 | CA80: =IF($H80="","",INDEX(Codes!$E$2:$E$108,MATCH("A6|"&$H80,Codes!$A$2:$A$108,0))) -> 1 | CB80: =IF($X80="","",IF($X80="phone",1,0)) -> 0 | CC80: =IF($BC80="","",8-$BC80) -> 5 | CD80: S4 Power Instructors | CE80: -0.813 | CF80: 1.191
A81: R080 | B81: 2026-09-12 20:44 | C81: bsc | D81: 21-24 | E81: female | F81: tls | G81: nl | H81: 4 | I81: 1-8 | J81: 1 | K81: 0 | L81: 0 | M81: 0 | N81: 0 | O81: 0 | P81: 0 | Q81: 7 | R81: several | S81: 1 | T81: 0 | U81: 0 | V81: 1 | W81: 0 | X81: phone | Y81: 2-5 | Z81: 1 | AA81: 1 | AB81: 1 | AC81: 1 | AD81: 0 | AE81: 1 | AF81: 1 | AG81: 0 | AH81: 1 | AI81: 0 | AJ81: 0 | AK81: 0 | AL81: 0 | AM81: 0 | AN81: 1 | AO81: 0 | AP81: 1 | AQ81: 0 | AR81: 0 | AS81: 0 | AT81: email | AU81: 2-3 | AV81: 0 | AW81: 1 | AX81: 0 | AY81: 1 | AZ81: 1 | BA81: 0 | BB81: 6 | BC81: 3 | BD81: 5 | BE81: 4 | BF81: 1 | BG81: 2 | BH81: 5 | BI81: 4 | BJ81: 5 | BK81: 6 | BL81: 4 | BM81: 2 | BN81: 3 | BO81: 1 | BP81: 2 | BQ81: 4 | BR81: 6 | BS81: 5 | BT81: Wanted to see if the Deep Learning quiz was still open. Had to open the course, then Quizzes, then scroll. On the phone it kept reloading. | BV81: Let me see the class average next to my grade. | BW81: =IF($R81="","",INDEX(Codes!$E$2:$E$108,MATCH("B1|"&$R81,Codes!$A$2:$A$108,0))) -> 6 | BX81: =IF($Y81="","",INDEX(Codes!$E$2:$E$108,MATCH("B4|"&$Y81,Codes!$A$2:$A$108,0))) -> 2 | BY81: =IF($I81="","",INDEX(Codes!$E$2:$E$108,MATCH("A7|"&$I81,Codes!$A$2:$A$108,0))) -> 1 | BZ81: =IF($AU81="","",INDEX(Codes!$E$2:$E$108,MATCH("B8|"&$AU81,Codes!$A$2:$A$108,0))) -> 2 | CA81: =IF($H81="","",INDEX(Codes!$E$2:$E$108,MATCH("A6|"&$H81,Codes!$A$2:$A$108,0))) -> 4 | CB81: =IF($X81="","",IF($X81="phone",1,0)) -> 1 | CC81: =IF($BC81="","",8-$BC81) -> 5 | CD81: S1 Deadline Sprinters | CE81: -3.175 | CF81: -0.461
A82: R081 | B82: 2026-09-12 21:23 | C82: bsc | D82: 30-39 | E82: male | F82: tshd | G82: nl | H82: 4 | I82: 25+ | J82: 1 | K82: 0 | L82: 0 | M82: 0 | N82: 0 | O82: 0 | P82: 0 | Q82: 4 | R82: 1 | S82: 1 | T82: 0 | U82: 1 | V82: 1 | W82: 0 | X82: phone | Y82: 15-30 | Z82: 1 | AA82: 0 | AB82: 0 | AC82: 1 | AD82: 0 | AE82: 0 | AF82: 0 | AG82: 1 | AH82: 1 | AI82: 1 | AJ82: 0 | AK82: 0 | AL82: 0 | AM82: 0 | AN82: 0 | AO82: 0 | AP82: 1 | AQ82: 0 | AR82: 0 | AS82: 0 | AT82: email | AU82: 2-3 | AV82: 0 | AW82: 1 | AX82: 1 | AY82: 1 | AZ82: 1 | BA82: 0 | BB82: 3 | BC82: 5 | BD82: 4 | BE82: 4 | BF82: 3 | BG82: 3 | BH82: 5 | BI82: 4 | BJ82: 5 | BK82: 4 | BL82: 3 | BM82: 3 | BN82: 3 | BO82: 2 | BP82: 5 | BQ82: 6 | BR82: 1 | BS82: 4 | BT82: i can only study on Sunday. I opened Canvas and had 10 unread announcements from 4 courses. No way to see which ones actually require me to do something. | BW82: =IF($R82="","",INDEX(Codes!$E$2:$E$108,MATCH("B1|"&$R82,Codes!$A$2:$A$108,0))) -> 2 | BX82: =IF($Y82="","",INDEX(Codes!$E$2:$E$108,MATCH("B4|"&$Y82,Codes!$A$2:$A$108,0))) -> 4 | BY82: =IF($I82="","",INDEX(Codes!$E$2:$E$108,MATCH("A7|"&$I82,Codes!$A$2:$A$108,0))) -> 4 | BZ82: =IF($AU82="","",INDEX(Codes!$E$2:$E$108,MATCH("B8|"&$AU82,Codes!$A$2:$A$108,0))) -> 2 | CA82: =IF($H82="","",INDEX(Codes!$E$2:$E$108,MATCH("A6|"&$H82,Codes!$A$2:$A$108,0))) -> 4 | CB82: =IF($X82="","",IF($X82="phone",1,0)) -> 1 | CC82: =IF($BC82="","",8-$BC82) -> 3 | CD82: S3 Overloaded Jugglers | CE82: 1.349 | CF82: -1.235
A83: R082 | B83: 2026-09-12 21:52 | C83: bsc | D83: 21-24 | E83: female | F83: tisem | G83: eu | H83: 4 | I83: 0 | J83: 0 | K83: 1 | L83: 0 | M83: 0 | N83: 0 | O83: 0 | P83: 0 | Q83: 5 | R83: 4-6 | S83: 1 | T83: 0 | U83: 0 | V83: 1 | W83: 0 | X83: laptop | Y83: gt30 | Z83: 1 | AA83: 0 | AB83: 0 | AC83: 1 | AD83: 1 | AE83: 0 | AF83: 0 | AG83: 0 | AH83: 1 | AI83: 0 | AJ83: 0 | AK83: 0 | AL83: 1 | AM83: 1 | AN83: 0 | AO83: 0 | AP83: 0 | AQ83: 0 | AR83: 0 | AS83: 0 | AT83: email | AU83: 2-3 | AV83: 0 | AW83: 1 | AX83: 1 | AY83: 1 | AZ83: 1 | BA83: 0 | BB83: 3 | BC83: 5 | BD83: 3 | BE83: 4 | BF83: 4 | BG83: 4 | BH83: 5 | BI83: 3 | BJ83: 4 | BK83: 4 | BL83: 2 | BM83: 3 | BN83: 1 | BO83: 2 | BP83: 4 | BQ83: 5 | BR83: 3 | BS83: 6 | BT83: Lecture recordings for Research Methods have auto-captions that turn 'Bayesian' into 'basin'. I stopped watching them and asked for the slides instead. | BW83: =IF($R83="","",INDEX(Codes!$E$2:$E$108,MATCH("B1|"&$R83,Codes!$A$2:$A$108,0))) -> 4 | BX83: =IF($Y83="","",INDEX(Codes!$E$2:$E$108,MATCH("B4|"&$Y83,Codes!$A$2:$A$108,0))) -> 5 | BY83: =IF($I83="","",INDEX(Codes!$E$2:$E$108,MATCH("A7|"&$I83,Codes!$A$2:$A$108,0))) -> 0 | BZ83: =IF($AU83="","",INDEX(Codes!$E$2:$E$108,MATCH("B8|"&$AU83,Codes!$A$2:$A$108,0))) -> 2 | CA83: =IF($H83="","",INDEX(Codes!$E$2:$E$108,MATCH("A6|"&$H83,Codes!$A$2:$A$108,0))) -> 4 | CB83: =IF($X83="","",IF($X83="phone",1,0)) -> 0 | CC83: =IF($BC83="","",8-$BC83) -> 3 | CD83: S6 Access-First Learners | CE83: 2.696 | CF83: 0.378
A84: R083 | B84: 2026-09-12 22:25 | C84: msc | D84: 25-29 | E84: male | F84: tshd | G84: noneu | H84: 2 | I84: 0 | J84: 1 | K84: 0 | L84: 0 | M84: 0 | N84: 0 | O84: 0 | P84: 0 | Q84: 6 | R84: daily | S84: 1 | T84: 0 | U84: 0 | V84: 0 | W84: 0 | X84: laptop | Y84: 15-30 | Z84: 1 | AA84: 1 | AB84: 1 | AC84: 1 | AD84: 1 | AE84: 0 | AF84: 0 | AG84: 0 | AH84: 1 | AI84: 1 | AJ84: 1 | AK84: 0 | AL84: 1 | AM84: 1 | AN84: 0 | AO84: 0 | AP84: 0 | AQ84: 0 | AR84: 0 | AS84: 1 | AT84: email | AU84: 4-6 | AV84: 0 | AW84: 1 | AX84: 1 | AY84: 1 | AZ84: 0 | BA84: 0 | BB84: 4 | BC84: 5 | BD84: 6 | BE84: 4 | BF84: 4 | BG84: 3 | BH84: 6 | BI84: 7 | BJ84: 5 | BK84: 3 | BL84: 5 | BM84: 5 | BN84: 1 | BO84: 3 | BP84: 4 | BQ84: 5 | BR84: 2 | BS84: 6 | BT84: Modules is one long scroll. There is no overview of the course structure, no 'you are here' and no way to collapse everything with one click. | BU84: Downloading all files of a module in one zip. | BW84: =IF($R84="","",INDEX(Codes!$E$2:$E$108,MATCH("B1|"&$R84,Codes!$A$2:$A$108,0))) -> 5 | BX84: =IF($Y84="","",INDEX(Codes!$E$2:$E$108,MATCH("B4|"&$Y84,Codes!$A$2:$A$108,0))) -> 4 | BY84: =IF($I84="","",INDEX(Codes!$E$2:$E$108,MATCH("A7|"&$I84,Codes!$A$2:$A$108,0))) -> 0 | BZ84: =IF($AU84="","",INDEX(Codes!$E$2:$E$108,MATCH("B8|"&$AU84,Codes!$A$2:$A$108,0))) -> 3 | CA84: =IF($H84="","",INDEX(Codes!$E$2:$E$108,MATCH("A6|"&$H84,Codes!$A$2:$A$108,0))) -> 2 | CB84: =IF($X84="","",IF($X84="phone",1,0)) -> 0 | CC84: =IF($BC84="","",8-$BC84) -> 3 | CD84: S2 Structured Scholars | CE84: 0.299 | CF84: 3.015
A85: R084 | B85: 2026-09-12 22:53 | C85: bsc | D85: 21-24 | E85: female | F85: tshd | G85: eu | H85: 4 | I85: 9-16 | J85: 1 | K85: 0 | L85: 0 | M85: 0 | N85: 0 | O85: 0 | P85: 0 | Q85: 4 | R85: several | S85: 1 | T85: 0 | U85: 0 | V85: 1 | W85: 0 | X85: phone | Y85: 2-5 | Z85: 1 | AA85: 1 | AB85: 1 | AC85: 1 | AD85: 0 | AE85: 0 | AF85: 0 | AG85: 1 | AH85: 1 | AI85: 0 | AJ85: 0 | AK85: 0 | AL85: 0 | AM85: 0 | AN85: 0 | AO85: 1 | AP85: 0 | AQ85: 0 | AR85: 0 | AS85: 0 | AT85: inapp | AU85: 4-6 | AV85: 0 | AW85: 1 | AX85: 0 | AY85: 1 | AZ85: 0 | BA85: 0 | BB85: 4 | BC85: 4 | BD85: 5 | BE85: 7 | BF85: 3 | BG85: 4 | BH85: 4 | BI85: 5 | BJ85: 6 | BK85: 4 | BL85: 4 | BM85: 4 | BN85: 5 | BO85: 1 | BP85: 2 | BQ85: 3 | BR85: 4 | BS85: 6 | BT85: I wanted to quickly check if the lecture was cancelled. Had to go dashboard > course > announcements > scroll. Three taps too many when you are on the bus. | BU85: The To-do list saved me once: I had forgotten about a quiz and it was there. | BW85: =IF($R85="","",INDEX(Codes!$E$2:$E$108,MATCH("B1|"&$R85,Codes!$A$2:$A$108,0))) -> 6 | BX85: =IF($Y85="","",INDEX(Codes!$E$2:$E$108,MATCH("B4|"&$Y85,Codes!$A$2:$A$108,0))) -> 2 | BY85: =IF($I85="","",INDEX(Codes!$E$2:$E$108,MATCH("A7|"&$I85,Codes!$A$2:$A$108,0))) -> 2 | BZ85: =IF($AU85="","",INDEX(Codes!$E$2:$E$108,MATCH("B8|"&$AU85,Codes!$A$2:$A$108,0))) -> 3 | CA85: =IF($H85="","",INDEX(Codes!$E$2:$E$108,MATCH("A6|"&$H85,Codes!$A$2:$A$108,0))) -> 4 | CB85: =IF($X85="","",IF($X85="phone",1,0)) -> 1 | CC85: =IF($BC85="","",8-$BC85) -> 4 | CD85: S1 Deadline Sprinters | CE85: -3.027 | CF85: -2.417
A86: R085 | B86: 2026-09-12 23:12 | C86: bsc | D86: 17-20 | E86: male | F86: tshd | G86: eu | H86: 4 | I86: 1-8 | J86: 0 | K86: 1 | L86: 0 | M86: 0 | N86: 0 | O86: 0 | P86: 0 | Q86: 5 | R86: 4-6 | S86: 1 | T86: 0 | U86: 0 | V86: 0 | W86: 0 | X86: laptop | Y86: gt30 | Z86: 1 | AA86: 1 | AB86: 1 | AC86: 1 | AD86: 1 | AE86: 0 | AF86: 0 | AG86: 0 | AH86: 0 | AI86: 0 | AJ86: 0 | AK86: 0 | AL86: 1 | AM86: 0 | AN86: 0 | AO86: 0 | AP86: 0 | AQ86: 0 | AR86: 1 | AS86: 0 | AT86: email | AU86: 4-6 | AV86: 0 | AW86: 0 | AX86: 1 | AY86: 0 | AZ86: 1 | BA86: 0 | BB86: 3 | BC86: 6 | BD86: 3 | BE86: 6 | BF86: 2 | BG86: 4 | BH86: 3 | BI86: 3 | BJ86: 3 | BK86: 3 | BL86: 1 | BM86: 3 | BN86: 1 | BO86: 3 | BP86: 4 | BQ86: 6 | BR86: 2 | BS86: 5 | BT86: Keyboard navigation in the calendar traps you in the month grid; I couldn't get to the assignment link. | BU86: Transcripts of the Marketing Analytics recordings were edited by the TA, so I could actually search them. | BW86: =IF($R86="","",INDEX(Codes!$E$2:$E$108,MATCH("B1|"&$R86,Codes!$A$2:$A$108,0))) -> 4 | BX86: =IF($Y86="","",INDEX(Codes!$E$2:$E$108,MATCH("B4|"&$Y86,Codes!$A$2:$A$108,0))) -> 5 | BY86: =IF($I86="","",INDEX(Codes!$E$2:$E$108,MATCH("A7|"&$I86,Codes!$A$2:$A$108,0))) -> 1 | BZ86: =IF($AU86="","",INDEX(Codes!$E$2:$E$108,MATCH("B8|"&$AU86,Codes!$A$2:$A$108,0))) -> 3 | CA86: =IF($H86="","",INDEX(Codes!$E$2:$E$108,MATCH("A6|"&$H86,Codes!$A$2:$A$108,0))) -> 4 | CB86: =IF($X86="","",IF($X86="phone",1,0)) -> 0 | CC86: =IF($BC86="","",8-$BC86) -> 2 | CD86: S6 Access-First Learners | CE86: 3.133 | CF86: -0.27
A87: R086 | B87: 2026-09-13 00:02 | C87: bsc | D87: 21-24 | E87: female | F87: tisem | G87: nl | H87: 4 | I87: 1-8 | J87: 1 | K87: 0 | L87: 0 | M87: 0 | N87: 0 | O87: 0 | P87: 0 | Q87: 5 | R87: several | S87: 0 | T87: 0 | U87: 0 | V87: 1 | W87: 0 | X87: laptop | Y87: 2-5 | Z87: 1 | AA87: 1 | AB87: 1 | AC87: 0 | AD87: 1 | AE87: 0 | AF87: 0 | AG87: 0 | AH87: 0 | AI87: 0 | AJ87: 0 | AK87: 0 | AL87: 1 | AM87: 0 | AN87: 1 | AO87: 1 | AP87: 1 | AQ87: 0 | AR87: 0 | AS87: 1 | AT87: inapp | AU87: 2-3 | AV87: 0 | AW87: 1 | AX87: 0 | AY87: 0 | AZ87: 0 | BA87: 0 | BB87: 4 | BC87: 4 | BD87: 5 | BE87: 4 | BF87: 2 | BG87: 4 | BH87: 4 | BI87: 6 | BJ87: 6 | BK87: 4 | BL87: 5 | BM87: 5 | BN87: 2 | BO87: 1 | BP87: 3 | BQ87: 4 | BR87: 5 | BS87: 6 | BT87: Got a push notification at 23:40 about a new announcement, opened it and it was a reminder that the lecture room changed... for a lecture that was already over | BU87: seeing the exact time left before a deadline on the assignment page. | BW87: =IF($R87="","",INDEX(Codes!$E$2:$E$108,MATCH("B1|"&$R87,Codes!$A$2:$A$108,0))) -> 6 | BX87: =IF($Y87="","",INDEX(Codes!$E$2:$E$108,MATCH("B4|"&$Y87,Codes!$A$2:$A$108,0))) -> 2 | BY87: =IF($I87="","",INDEX(Codes!$E$2:$E$108,MATCH("A7|"&$I87,Codes!$A$2:$A$108,0))) -> 1 | BZ87: =IF($AU87="","",INDEX(Codes!$E$2:$E$108,MATCH("B8|"&$AU87,Codes!$A$2:$A$108,0))) -> 2 | CA87: =IF($H87="","",INDEX(Codes!$E$2:$E$108,MATCH("A6|"&$H87,Codes!$A$2:$A$108,0))) -> 4 | CB87: =IF($X87="","",IF($X87="phone",1,0)) -> 0 | CC87: =IF($BC87="","",8-$BC87) -> 4 | CD87: S1 Deadline Sprinters | CE87: -2.082 | CF87: 0.465
A88: R087 | B88: 2026-09-13 02:05 | C88: bsc | D88: 21-24 | E88: male | F88: tsb | G88: nl | H88: 5 | I88: 25+ | J88: 1 | K88: 0 | L88: 0 | M88: 0 | N88: 0 | O88: 0 | P88: 0 | Q88: 5 | R88: daily | S88: 1 | T88: 0 | U88: 0 | V88: 0 | W88: 0 | X88: laptop | Y88: 15-30 | Z88: 1 | AA88: 1 | AB88: 1 | AC88: 1 | AD88: 1 | AE88: 0 | AF88: 0 | AG88: 1 | AH88: 1 | AI88: 0 | AJ88: 0 | AK88: 0 | AL88: 0 | AM88: 0 | AN88: 0 | AO88: 0 | AP88: 0 | AQ88: 0 | AR88: 1 | AS88: 0 | AT88: email | AU88: 4-6 | AV88: 1 | AW88: 0 | AX88: 0 | AY88: 1 | AZ88: 1 | BA88: 0 | BB88: 4 | BC88: 5 | BD88: 3 | BE88: 6 | BF88: 4 | BG88: 3 | BH88: 4 | BI88: 4 | BJ88: 5 | BK88: 4 | BL88: 3 | BM88: 5 | BN88: 3 | BO88: 1 | BP88: 4 | BQ88: 6 | BR88: 2 | BS88: 5 | BT88: I wanted to see my total workload for the block. Nothing in Canvas shows that; I ended up building a spreadsheet. | BU88: Recordings. Without them I could not follow the course while working. | BV88: I work 24 hours a week; my study time is Sunday and Wednesday evening. Anything that makes catching up faster helps. | BW88: =IF($R88="","",INDEX(Codes!$E$2:$E$108,MATCH("B1|"&$R88,Codes!$A$2:$A$108,0))) -> 5 | BX88: =IF($Y88="","",INDEX(Codes!$E$2:$E$108,MATCH("B4|"&$Y88,Codes!$A$2:$A$108,0))) -> 4 | BY88: =IF($I88="","",INDEX(Codes!$E$2:$E$108,MATCH("A7|"&$I88,Codes!$A$2:$A$108,0))) -> 4 | BZ88: =IF($AU88="","",INDEX(Codes!$E$2:$E$108,MATCH("B8|"&$AU88,Codes!$A$2:$A$108,0))) -> 3 | CA88: =IF($H88="","",INDEX(Codes!$E$2:$E$108,MATCH("A6|"&$H88,Codes!$A$2:$A$108,0))) -> 5 | CB88: =IF($X88="","",IF($X88="phone",1,0)) -> 0 | CC88: =IF($BC88="","",8-$BC88) -> 3 | CD88: S3 Overloaded Jugglers | CE88: 0.655 | CF88: -0.755
A89: R088 | B89: 2026-09-13 03:52 | C89: msc | D89: 21-24 | E89: male | F89: tshd | G89: nl | H89: 2 | I89: 1-8 | J89: 0 | K89: 0 | L89: 0 | M89: 0 | N89: 0 | O89: 1 | P89: 0 | Q89: 5 | R89: daily | S89: 1 | T89: 0 | U89: 0 | V89: 1 | W89: 0 | X89: laptop | Y89: 15-30 | Z89: 1 | AA89: 1 | AB89: 0 | AC89: 1 | AD89: 1 | AE89: 0 | AF89: 0 | AG89: 1 | AH89: 1 | AI89: 1 | AJ89: 0 | AK89: 0 | AL89: 0 | AM89: 0 | AN89: 0 | AO89: 0 | AP89: 0 | AQ89: 1 | AR89: 1 | AS89: 0 | AT89: email | AU89: 2-3 | AV89: 0 | AW89: 1 | AX89: 1 | AY89: 0 | AZ89: 0 | BA89: 0 | BB89: 5 | BC89: 2 | BD89: 5 | BE89: 5 | BF89: 4 | BG89: 4 | BH89: 6 | BI89: 5 | BJ89: 4 | BK89: 2 | BL89: 3 | BM89: 4 | BN89: 1 | BO89: 4 | BP89: 3 | BQ89: 5 | BR89: 2 | BS89: 6 | BT89: Wanted to compare my rubric score with the criteria. They open in a side panel that cuts off the text, and the comments were in yet another tab. | BU89: The calendar feed into Google Calendar, once the lecturer actually dated everything. | BW89: =IF($R89="","",INDEX(Codes!$E$2:$E$108,MATCH("B1|"&$R89,Codes!$A$2:$A$108,0))) -> 5 | BX89: =IF($Y89="","",INDEX(Codes!$E$2:$E$108,MATCH("B4|"&$Y89,Codes!$A$2:$A$108,0))) -> 4 | BY89: =IF($I89="","",INDEX(Codes!$E$2:$E$108,MATCH("A7|"&$I89,Codes!$A$2:$A$108,0))) -> 1 | BZ89: =IF($AU89="","",INDEX(Codes!$E$2:$E$108,MATCH("B8|"&$AU89,Codes!$A$2:$A$108,0))) -> 2 | CA89: =IF($H89="","",INDEX(Codes!$E$2:$E$108,MATCH("A6|"&$H89,Codes!$A$2:$A$108,0))) -> 2 | CB89: =IF($X89="","",IF($X89="phone",1,0)) -> 0 | CC89: =IF($BC89="","",8-$BC89) -> 6 | CD89: S2 Structured Scholars | CE89: 0.609 | CF89: 1.76
A90: R089 | B90: 2026-09-13 04:07 | C90: lecturer | D90: 25-29 | E90: female | F90: tsb | G90: nl | H90: 2 | I90: 9-16 | J90: 1 | K90: 0 | L90: 0 | M90: 0 | N90: 0 | O90: 0 | P90: 0 | Q90: 6 | R90: several | S90: 0 | T90: 1 | U90: 0 | V90: 0 | W90: 0 | X90: desktop | Y90: gt30 | Z90: 1 | AA90: 1 | AB90: 1 | AC90: 1 | AD90: 1 | AE90: 1 | AF90: 1 | AG90: 0 | AH90: 0 | AI90: 1 | AJ90: 0 | AK90: 0 | AL90: 1 | AM90: 0 | AN90: 0 | AO90: 0 | AP90: 0 | AQ90: 1 | AR90: 1 | AS90: 0 | AT90: email | AU90: 2-3 | AV90: 1 | AW90: 1 | AX90: 0 | AY90: 0 | AZ90: 1 | BA90: 0 | BB90: 5 | BC90: 3 | BD90: 5 | BE90: 4 | BF90: 3 | BG90: 3 | BH90: 6 | BI90: 6 | BJ90: 7 | BK90: 6 | BL90: 4 | BM90: 3 | BN90: 2 | BO90: 4 | BP90: 1 | BQ90: 3 | BR90: 6 | BS90: 5 | BT90: Students in Deep Learning kept asking where the slides were. They were in Modules, published, but the course navigation still showed Files first. | BW90: =IF($R90="","",INDEX(Codes!$E$2:$E$108,MATCH("B1|"&$R90,Codes!$A$2:$A$108,0))) -> 6 | BX90: =IF($Y90="","",INDEX(Codes!$E$2:$E$108,MATCH("B4|"&$Y90,Codes!$A$2:$A$108,0))) -> 5 | BY90: =IF($I90="","",INDEX(Codes!$E$2:$E$108,MATCH("A7|"&$I90,Codes!$A$2:$A$108,0))) -> 2 | BZ90: =IF($AU90="","",INDEX(Codes!$E$2:$E$108,MATCH("B8|"&$AU90,Codes!$A$2:$A$108,0))) -> 2 | CA90: =IF($H90="","",INDEX(Codes!$E$2:$E$108,MATCH("A6|"&$H90,Codes!$A$2:$A$108,0))) -> 2 | CB90: =IF($X90="","",IF($X90="phone",1,0)) -> 0 | CC90: =IF($BC90="","",8-$BC90) -> 5 | CD90: S4 Power Instructors | CE90: -1.796 | CF90: 2.394
A91: R090 | B91: 2026-09-13 05:58 | C91: phd | D91: 21-24 | E91: female | F91: tshd | G91: eu | H91: 1 | I91: 0 | J91: 1 | K91: 0 | L91: 0 | M91: 0 | N91: 0 | O91: 0 | P91: 0 | Q91: 7 | R91: 4-6 | S91: 1 | T91: 0 | U91: 0 | V91: 0 | W91: 0 | X91: desktop | Y91: 15-30 | Z91: 1 | AA91: 1 | AB91: 0 | AC91: 1 | AD91: 0 | AE91: 0 | AF91: 0 | AG91: 1 | AH91: 1 | AI91: 0 | AJ91: 1 | AK91: 0 | AL91: 0 | AM91: 0 | AN91: 0 | AO91: 1 | AP91: 0 | AQ91: 1 | AR91: 1 | AS91: 0 | AT91: inapp | AU91: 0 | AV91: 0 | AW91: 1 | AX91: 1 | AY91: 0 | AZ91: 0 | BA91: 0 | BB91: 4 | BC91: 3 | BD91: 4 | BE91: 5 | BF91: 3 | BG91: 3 | BH91: 4 | BI91: 7 | BJ91: 5 | BK91: 4 | BL91: 4 | BM91: 3 | BN91: 1 | BO91: 3 | BP91: 5 | BQ91: 4 | BR91: 2 | BS91: 6 | BT91: group project files were spread across Canvas groups, Google Drive and WhatsApp. Canvas Collaborations didn't work with our university accounts. | BU91: the Modules page for Human-Computer Interaction was set up week by week with readings, slides and the recording in one place. That is how every course should look | BV91: Please make lecturers date their assignments. | BW91: =IF($R91="","",INDEX(Codes!$E$2:$E$108,MATCH("B1|"&$R91,Codes!$A$2:$A$108,0))) -> 4 | BX91: =IF($Y91="","",INDEX(Codes!$E$2:$E$108,MATCH("B4|"&$Y91,Codes!$A$2:$A$108,0))) -> 4 | BY91: =IF($I91="","",INDEX(Codes!$E$2:$E$108,MATCH("A7|"&$I91,Codes!$A$2:$A$108,0))) -> 0 | BZ91: =IF($AU91="","",INDEX(Codes!$E$2:$E$108,MATCH("B8|"&$AU91,Codes!$A$2:$A$108,0))) -> 0 | CA91: =IF($H91="","",INDEX(Codes!$E$2:$E$108,MATCH("A6|"&$H91,Codes!$A$2:$A$108,0))) -> 1 | CB91: =IF($X91="","",IF($X91="phone",1,0)) -> 0 | CC91: =IF($BC91="","",8-$BC91) -> 5 | CD91: S2 Structured Scholars | CE91: 0.469 | CF91: 1.897
A92: R091 | B92: 2026-09-13 06:18 | C92: msc | D92: 25-29 | E92: male | F92: other | G92: nl | H92: 2 | I92: 1-8 | J92: 0 | K92: 1 | L92: 0 | M92: 0 | N92: 0 | O92: 0 | P92: 0 | Q92: 6 | R92: daily | S92: 1 | T92: 0 | U92: 0 | V92: 1 | W92: 0 | X92: tablet | Y92: gt30 | Z92: 1 | AA92: 1 | AB92: 1 | AC92: 1 | AD92: 1 | AE92: 0 | AF92: 0 | AG92: 0 | AH92: 1 | AI92: 0 | AJ92: 1 | AK92: 0 | AL92: 1 | AM92: 1 | AN92: 0 | AO92: 0 | AP92: 0 | AQ92: 0 | AR92: 1 | AS92: 0 | AT92: email | AU92: 7+ | AV92: 0 | AW92: 1 | AX92: 0 | AY92: 0 | AZ92: 0 | BA92: 0 | BB92: 1 | BC92: 6 | BD92: 4 | BE92: 4 | BF92: 4 | BG92: 1 | BH92: 4 | BI92: 5 | BJ92: 2 | BK92: 3 | BL92: 2 | BM92: 2 | BN92: 1 | BO92: 3 | BP92: 4 | BQ92: 5 | BR92: 2 | BS92: 6 | BT92: Long announcements are one wall of text with no headings, hard for me to parse. I copy them into a reader app first | BU92: The immersive reader in my browser works fine on Canvas pages when they are real text. | BV92: Let me set my own font size and contrast once, for all courses. | BW92: =IF($R92="","",INDEX(Codes!$E$2:$E$108,MATCH("B1|"&$R92,Codes!$A$2:$A$108,0))) -> 5 | BX92: =IF($Y92="","",INDEX(Codes!$E$2:$E$108,MATCH("B4|"&$Y92,Codes!$A$2:$A$108,0))) -> 5 | BY92: =IF($I92="","",INDEX(Codes!$E$2:$E$108,MATCH("A7|"&$I92,Codes!$A$2:$A$108,0))) -> 1 | BZ92: =IF($AU92="","",INDEX(Codes!$E$2:$E$108,MATCH("B8|"&$AU92,Codes!$A$2:$A$108,0))) -> 4 | CA92: =IF($H92="","",INDEX(Codes!$E$2:$E$108,MATCH("A6|"&$H92,Codes!$A$2:$A$108,0))) -> 2 | CB92: =IF($X92="","",IF($X92="phone",1,0)) -> 0 | CC92: =IF($BC92="","",8-$BC92) -> 2 | CD92: S6 Access-First Learners | CE92: 3.979 | CF92: 0.971
A93: R092 | B93: 2026-09-13 07:06 | C93: ta | D93: 40-49 | E93: female | F93: tshd | G93: noneu | H93: 2 | I93: 9-16 | J93: 1 | K93: 0 | L93: 0 | M93: 0 | N93: 0 | O93: 0 | P93: 0 | Q93: 6 | R93: several | S93: 1 | T93: 0 | U93: 0 | V93: 0 | W93: 0 | X93: laptop | Y93: 15-30 | Z93: 1 | AA93: 1 | AB93: 1 | AC93: 1 | AD93: 0 | AE93: 1 | AF93: 0 | AG93: 1 | AH93: 0 | AI93: 1 | AJ93: 1 | AK93: 0 | AL93: 0 | AM93: 1 | AN93: 0 | AO93: 0 | AP93: 0 | AQ93: 0 | AR93: 1 | AS93: 0 | AT93: email | AU93: 4-6 | AV93: 1 | AW93: 0 | AX93: 0 | AY93: 0 | AZ93: 1 | BA93: 0 | BB93: 4 | BC93: 4 | BD93: 5 | BE93: 4 | BF93: 3 | BG93: 5 | BH93: 5 | BI93: 5 | BJ93: 4 | BK93: 3 | BL93: 2 | BM93: 4 | BN93: 2 | BO93: 5 | BP93: 1 | BQ93: 3 | BR93: 6 | BS93: 4 | BT93: The dashboard shows courses from last year first. | BV93: Good luck with the project! | BW93: =IF($R93="","",INDEX(Codes!$E$2:$E$108,MATCH("B1|"&$R93,Codes!$A$2:$A$108,0))) -> 6 | BX93: =IF($Y93="","",INDEX(Codes!$E$2:$E$108,MATCH("B4|"&$Y93,Codes!$A$2:$A$108,0))) -> 4 | BY93: =IF($I93="","",INDEX(Codes!$E$2:$E$108,MATCH("A7|"&$I93,Codes!$A$2:$A$108,0))) -> 2 | BZ93: =IF($AU93="","",INDEX(Codes!$E$2:$E$108,MATCH("B8|"&$AU93,Codes!$A$2:$A$108,0))) -> 3 | CA93: =IF($H93="","",INDEX(Codes!$E$2:$E$108,MATCH("A6|"&$H93,Codes!$A$2:$A$108,0))) -> 2 | CB93: =IF($X93="","",IF($X93="phone",1,0)) -> 0 | CC93: =IF($BC93="","",8-$BC93) -> 4 | CD93: S4 Power Instructors | CE93: -0.452 | CF93: 1.669
A94: R093 | B94: 2026-09-13 07:44 | C94: msc | D94: 25-29 | E94: male | F94: tshd | G94: noneu | H94: 3 | I94: 17-24 | J94: 1 | K94: 0 | L94: 0 | M94: 0 | N94: 0 | O94: 0 | P94: 0 | Q94: 4 | R94: 2-3 | S94: 1 | T94: 0 | U94: 0 | V94: 0 | W94: 0 | X94: laptop | Y94: 15-30 | Z94: 1 | AA94: 0 | AB94: 1 | AC94: 1 | AD94: 1 | AE94: 1 | AF94: 0 | AG94: 0 | AH94: 0 | AI94: 0 | AJ94: 0 | AK94: 0 | AL94: 1 | AM94: 1 | AN94: 0 | AO94: 0 | AP94: 1 | AQ94: 0 | AR94: 0 | AS94: 0 | AT94: push | AU94: 1 | AV94: 0 | AW94: 1 | AX94: 0 | AY94: 1 | AZ94: 1 | BA94: 0 | BB94: 4 | BC94: 5 | BD94: 3 | BE94: 6 | BF94: 3 | BG94: 4 | BH94: 3 | BI94: 4 | BJ94: 5 | BK94: 4 | BL94: 3 | BM94: 2 | BN94: 2 | BO94: 1 | BP94: 4 | BQ94: 5 | BR94: 3 | BS94: 6 | BT94: Every course sends the same info in a different way. I have a paper list of what to check where, and it still fails. | BU94: Being able to submit from my phone during a break. | BW94: =IF($R94="","",INDEX(Codes!$E$2:$E$108,MATCH("B1|"&$R94,Codes!$A$2:$A$108,0))) -> 3 | BX94: =IF($Y94="","",INDEX(Codes!$E$2:$E$108,MATCH("B4|"&$Y94,Codes!$A$2:$A$108,0))) -> 4 | BY94: =IF($I94="","",INDEX(Codes!$E$2:$E$108,MATCH("A7|"&$I94,Codes!$A$2:$A$108,0))) -> 3 | BZ94: =IF($AU94="","",INDEX(Codes!$E$2:$E$108,MATCH("B8|"&$AU94,Codes!$A$2:$A$108,0))) -> 1 | CA94: =IF($H94="","",INDEX(Codes!$E$2:$E$108,MATCH("A6|"&$H94,Codes!$A$2:$A$108,0))) -> 3 | CB94: =IF($X94="","",IF($X94="phone",1,0)) -> 0 | CC94: =IF($BC94="","",8-$BC94) -> 3 | CD94: S3 Overloaded Jugglers | CE94: 1.261 | CF94: -2.083
A95: R094 | B95: 2026-09-13 07:48 | C95: lecturer | D95: 30-39 | E95: na | F95: tls | G95: noneu | H95: 3 | I95: 1-8 | J95: 1 | K95: 0 | L95: 0 | M95: 0 | N95: 0 | O95: 0 | P95: 0 | Q95: 3 | R95: 2-3 | S95: 0 | T95: 0 | U95: 1 | V95: 0 | W95: 0 | X95: desktop | Y95: 2-5 | Z95: 1 | AA95: 1 | AB95: 0 | AC95: 1 | AD95: 0 | AE95: 0 | AF95: 0 | AG95: 0 | AH95: 1 | AI95: 0 | AJ95: 1 | AK95: 0 | AL95: 0 | AM95: 1 | AN95: 0 | AO95: 1 | AP95: 0 | AQ95: 0 | AR95: 1 | AS95: 0 | AT95: off | AU95: 1 | AV95: 1 | AW95: 1 | AX95: 1 | AY95: 0 | AZ95: 1 | BA95: 0 | BB95: 4 | BC95: 3 | BD95: 2 | BE95: 5 | BF95: 3 | BG95: 3 | BH95: 5 | BI95: 1 | BJ95: 5 | BK95: 3 | BL95: 3 | BM95: 1 | BN95: 1 | BO95: 2 | BP95: 4 | BQ95: 3 | BR95: 6 | BS95: 5 | BT95: I wanted to upload the slides after the lecture. It asked whether to put them in Files or Modules or Pages. I still don't know the difference; the TA fixed it later. | BU95: Students could see the slides right after the lecture without me emailing them. | BW95: =IF($R95="","",INDEX(Codes!$E$2:$E$108,MATCH("B1|"&$R95,Codes!$A$2:$A$108,0))) -> 3 | BX95: =IF($Y95="","",INDEX(Codes!$E$2:$E$108,MATCH("B4|"&$Y95,Codes!$A$2:$A$108,0))) -> 2 | BY95: =IF($I95="","",INDEX(Codes!$E$2:$E$108,MATCH("A7|"&$I95,Codes!$A$2:$A$108,0))) -> 1 | BZ95: =IF($AU95="","",INDEX(Codes!$E$2:$E$108,MATCH("B8|"&$AU95,Codes!$A$2:$A$108,0))) -> 1 | CA95: =IF($H95="","",INDEX(Codes!$E$2:$E$108,MATCH("A6|"&$H95,Codes!$A$2:$A$108,0))) -> 3 | CB95: =IF($X95="","",IF($X95="phone",1,0)) -> 0 | CC95: =IF($BC95="","",8-$BC95) -> 5 | CD95: S5 Reluctant Instructors | CE95: 1.623 | CF95: -2.327
A96: R095 | B96: 2026-09-13 09:21 | C96: phd | D96: 25-29 | E96: female | F96: tshd | G96: eu | H96: 1 | I96: 0 | J96: 1 | K96: 0 | L96: 0 | M96: 0 | N96: 0 | O96: 0 | P96: 0 | Q96: 6 | R96: daily | S96: 1 | T96: 0 | U96: 1 | V96: 1 | W96: 0 | X96: laptop | Y96: 5-15 | Z96: 0 | AA96: 0 | AB96: 1 | AC96: 1 | AD96: 1 | AE96: 0 | AF96: 0 | AG96: 0 | AH96: 1 | AI96: 1 | AJ96: 0 | AK96: 0 | AL96: 1 | AM96: 1 | AN96: 1 | AO96: 1 | AP96: 0 | AQ96: 1 | AR96: 1 | AS96: 0 | AT96: email | AU96: 2-3 | AV96: 0 | AW96: 1 | AX96: 1 | AY96: 0 | AZ96: 1 | BA96: 0 | BB96: 3 | BC96: 7 | BD96: 3 | BE96: 6 | BF96: 2 | BG96: 3 | BH96: 4 | BI96: 6 | BJ96: 4 | BK96: 3 | BL96: 5 | BM96: 3 | BN96: 1 | BO96: 3 | BP96: 4 | BQ96: 6 | BR96: 2 | BS96: 5 | BT96: The recordings for Developmental Psychology are in a separate tool that opens in a new tab, and the link is buried in a module item with no thumbnail. I bookmark it because I can never find it twice. | BU96: A rubric with comments per criterion made the feedback actually useful. | BW96: =IF($R96="","",INDEX(Codes!$E$2:$E$108,MATCH("B1|"&$R96,Codes!$A$2:$A$108,0))) -> 5 | BX96: =IF($Y96="","",INDEX(Codes!$E$2:$E$108,MATCH("B4|"&$Y96,Codes!$A$2:$A$108,0))) -> 3 | BY96: =IF($I96="","",INDEX(Codes!$E$2:$E$108,MATCH("A7|"&$I96,Codes!$A$2:$A$108,0))) -> 0 | BZ96: =IF($AU96="","",INDEX(Codes!$E$2:$E$108,MATCH("B8|"&$AU96,Codes!$A$2:$A$108,0))) -> 2 | CA96: =IF($H96="","",INDEX(Codes!$E$2:$E$108,MATCH("A6|"&$H96,Codes!$A$2:$A$108,0))) -> 1 | CB96: =IF($X96="","",IF($X96="phone",1,0)) -> 0 | CC96: =IF($BC96="","",8-$BC96) -> 1 | CD96: S2 Structured Scholars | CE96: 1.068 | CF96: 1.494
A97: R096 | B97: 2026-09-13 09:59 | C97: msc | D97: 21-24 | E97: female | F97: tsb | G97: nl | H97: 2 | I97: 1-8 | J97: 1 | K97: 0 | L97: 0 | M97: 0 | N97: 0 | O97: 0 | P97: 0 | Q97: 6 | R97: daily | S97: 1 | T97: 0 | U97: 1 | V97: 1 | W97: 0 | X97: laptop | Y97: 15-30 | Z97: 0 | AA97: 1 | AB97: 1 | AC97: 1 | AD97: 0 | AE97: 0 | AF97: 1 | AG97: 1 | AH97: 1 | AI97: 0 | AJ97: 0 | AK97: 0 | AL97: 0 | AM97: 0 | AN97: 0 | AO97: 0 | AP97: 0 | AQ97: 1 | AR97: 1 | AS97: 0 | AT97: inapp | AU97: 1 | AV97: 0 | AW97: 1 | AX97: 1 | AY97: 1 | AZ97: 1 | BA97: 0 | BB97: 3 | BC97: 4 | BD97: 4 | BE97: 4 | BF97: 3 | BG97: 1 | BH97: 4 | BI97: 6 | BJ97: 6 | BK97: 2 | BL97: 5 | BM97: 5 | BN97: 2 | BO97: 3 | BP97: 4 | BQ97: 6 | BR97: 1 | BS97: 5 | BT97: For Intro to Economics the lecturer uploaded v1, v2 and v2_final of the slides in the same folder. No way to tell which one is current without opening all three. | BW97: =IF($R97="","",INDEX(Codes!$E$2:$E$108,MATCH("B1|"&$R97,Codes!$A$2:$A$108,0))) -> 5 | BX97: =IF($Y97="","",INDEX(Codes!$E$2:$E$108,MATCH("B4|"&$Y97,Codes!$A$2:$A$108,0))) -> 4 | BY97: =IF($I97="","",INDEX(Codes!$E$2:$E$108,MATCH("A7|"&$I97,Codes!$A$2:$A$108,0))) -> 1 | BZ97: =IF($AU97="","",INDEX(Codes!$E$2:$E$108,MATCH("B8|"&$AU97,Codes!$A$2:$A$108,0))) -> 1 | CA97: =IF($H97="","",INDEX(Codes!$E$2:$E$108,MATCH("A6|"&$H97,Codes!$A$2:$A$108,0))) -> 2 | CB97: =IF($X97="","",IF($X97="phone",1,0)) -> 0 | CC97: =IF($BC97="","",8-$BC97) -> 4 | CD97: S2 Structured Scholars | CE97: 0.428 | CF97: 2.539
A98: R097 | B98: 2026-09-13 10:59 | C98: lecturer | D98: 50+ | E98: female | F98: tsb | G98: nl | H98: 3 | I98: 1-8 | J98: 0 | K98: 0 | L98: 0 | M98: 0 | N98: 0 | O98: 1 | P98: 0 | Q98: 2 | R98: 2-3 | S98: 0 | T98: 1 | U98: 0 | V98: 0 | W98: 0 | X98: laptop | Y98: 5-15 | Z98: 1 | AA98: 1 | AB98: 0 | AC98: 1 | AD98: 0 | AE98: 1 | AF98: 0 | AG98: 0 | AH98: 0 | AI98: 1 | AJ98: 0 | AK98: 0 | AL98: 0 | AM98: 1 | AN98: 0 | AO98: 0 | AP98: 0 | AQ98: 1 | AR98: 0 | AS98: 0 | AT98: email | AU98: 2-3 | AV98: 0 | AW98: 1 | AX98: 0 | AY98: 0 | AZ98: 1 | BA98: 0 | BB98: 4 | BC98: 3 | BD98: 3 | BE98: 5 | BF98: 4 | BG98: 1 | BH98: 4 | BI98: 3 | BJ98: 4 | BK98: 4 | BL98: 3 | BM98: 1 | BN98: 1 | BO98: 3 | BP98: 4 | BQ98: 2 | BR98: 5 | BS98: 6 | BT98: Every year the interface has changed a little and the button I remember is somewhere else. | BU98: Announcements reach everybody at once, unlike my email list which is always outdated. | BW98: =IF($R98="","",INDEX(Codes!$E$2:$E$108,MATCH("B1|"&$R98,Codes!$A$2:$A$108,0))) -> 3 | BX98: =IF($Y98="","",INDEX(Codes!$E$2:$E$108,MATCH("B4|"&$Y98,Codes!$A$2:$A$108,0))) -> 3 | BY98: =IF($I98="","",INDEX(Codes!$E$2:$E$108,MATCH("A7|"&$I98,Codes!$A$2:$A$108,0))) -> 1 | BZ98: =IF($AU98="","",INDEX(Codes!$E$2:$E$108,MATCH("B8|"&$AU98,Codes!$A$2:$A$108,0))) -> 2 | CA98: =IF($H98="","",INDEX(Codes!$E$2:$E$108,MATCH("A6|"&$H98,Codes!$A$2:$A$108,0))) -> 3 | CB98: =IF($X98="","",IF($X98="phone",1,0)) -> 0 | CC98: =IF($BC98="","",8-$BC98) -> 5 | CD98: S5 Reluctant Instructors | CE98: 2.334 | CF98: -2.059
A99: R098 | B99: 2026-09-13 12:16 | C99: msc | D99: 30-39 | E99: female | F99: tsb | G99: eu | H99: 3 | I99: 1-8 | J99: 1 | K99: 0 | L99: 0 | M99: 0 | N99: 0 | O99: 0 | P99: 0 | Q99: 6 | R99: several | S99: 0 | T99: 1 | U99: 0 | V99: 0 | W99: 0 | X99: laptop | Y99: 5-15 | Z99: 1 | AA99: 1 | AB99: 1 | AC99: 1 | AD99: 1 | AE99: 1 | AF99: 0 | AG99: 0 | AH99: 1 | AI99: 0 | AJ99: 1 | AK99: 0 | AL99: 0 | AM99: 0 | AN99: 0 | AO99: 0 | AP99: 0 | AQ99: 0 | AR99: 1 | AS99: 0 | AT99: email | AU99: 1 | AV99: 1 | AW99: 1 | AX99: 0 | AY99: 1 | AZ99: 0 | BA99: 0 | BB99: 4 | BC99: 3 | BD99: 4 | BE99: 7 | BF99: 3 | BG99: 1 | BH99: 7 | BI99: 4 | BJ99: 7 | BK99: 3 | BL99: 3 | BM99: 3 | BN99: 1 | BO99: 3 | BP99: 4 | BQ99: 5 | BR99: 2 | BS99: 6 | BT99: Annotating a PDF in the built-in viewer is impossible, and downloading each one separately to Zotero takes forever. | BU99: A discussion where the lecturer pinned the answers to common questions before the exam. | BW99: =IF($R99="","",INDEX(Codes!$E$2:$E$108,MATCH("B1|"&$R99,Codes!$A$2:$A$108,0))) -> 6 | BX99: =IF($Y99="","",INDEX(Codes!$E$2:$E$108,MATCH("B4|"&$Y99,Codes!$A$2:$A$108,0))) -> 3 | BY99: =IF($I99="","",INDEX(Codes!$E$2:$E$108,MATCH("A7|"&$I99,Codes!$A$2:$A$108,0))) -> 1 | BZ99: =IF($AU99="","",INDEX(Codes!$E$2:$E$108,MATCH("B8|"&$AU99,Codes!$A$2:$A$108,0))) -> 1 | CA99: =IF($H99="","",INDEX(Codes!$E$2:$E$108,MATCH("A6|"&$H99,Codes!$A$2:$A$108,0))) -> 3 | CB99: =IF($X99="","",IF($X99="phone",1,0)) -> 0 | CC99: =IF($BC99="","",8-$BC99) -> 5 | CD99: S2 Structured Scholars | CE99: 0.396 | CF99: 1.701
A100: R099 | B100: 2026-09-13 16:10 | C100: bsc | D100: 21-24 | E100: female | F100: tshd | G100: nl | H100: 4 | I100: 0 | J100: 0 | K100: 0 | L100: 0 | M100: 1 | N100: 0 | O100: 0 | P100: 0 | Q100: 6 | R100: daily | S100: 1 | T100: 0 | U100: 1 | V100: 1 | W100: 0 | X100: laptop | Y100: 15-30 | Z100: 1 | AA100: 1 | AB100: 1 | AC100: 1 | AD100: 1 | AE100: 0 | AF100: 1 | AG100: 0 | AH100: 1 | AI100: 0 | AJ100: 0 | AK100: 0 | AL100: 1 | AM100: 0 | AN100: 1 | AO100: 0 | AP100: 1 | AQ100: 0 | AR100: 1 | AS100: 1 | AT100: email | AU100: 2-3 | AV100: 0 | AW100: 0 | AX100: 1 | AY100: 1 | AZ100: 1 | BA100: 0 | BB100: 4 | BC100: 4 | BD100: 5 | BE100: 6 | BF100: 3 | BG100: 3 | BH100: 6 | BI100: 4 | BJ100: 3 | BK100: 5 | BL100: 4 | BM100: 3 | BN100: 2 | BO100: 3 | BP100: 4 | BQ100: 5 | BR100: 1 | BS100: 6 | BT100: a timed quiz did not give me my extra time even though it was arranged; the setting is per quiz and the lecturer forgot. | BU100: being able to download the PDF and open it in my own reader instead of the built-in viewer. | BW100: =IF($R100="","",INDEX(Codes!$E$2:$E$108,MATCH("B1|"&$R100,Codes!$A$2:$A$108,0))) -> 5 | BX100: =IF($Y100="","",INDEX(Codes!$E$2:$E$108,MATCH("B4|"&$Y100,Codes!$A$2:$A$108,0))) -> 4 | BY100: =IF($I100="","",INDEX(Codes!$E$2:$E$108,MATCH("A7|"&$I100,Codes!$A$2:$A$108,0))) -> 0 | BZ100: =IF($AU100="","",INDEX(Codes!$E$2:$E$108,MATCH("B8|"&$AU100,Codes!$A$2:$A$108,0))) -> 2 | CA100: =IF($H100="","",INDEX(Codes!$E$2:$E$108,MATCH("A6|"&$H100,Codes!$A$2:$A$108,0))) -> 4 | CB100: =IF($X100="","",IF($X100="phone",1,0)) -> 0 | CC100: =IF($BC100="","",8-$BC100) -> 4 | CD100: S2 Structured Scholars | CE100: 0.869 | CF100: 1.268
...

Sheet 1-Patterns
B1: Step 2. Analyse data to find patterns
B2: Every number on this sheet is a live formula over the Responses sheet (rows 2-500). Percentages are of N unless stated. Charts are on the right.
B4: N (respondents) | C4: =COUNTA(Responses!$A$2:$A$500) -> 124
A6: A. Who answered
B7: Answer | C7: Code | D7: Count | E7: % of N
B8: Bachelor student | C8: bsc | D8: =COUNTIF(Responses!$C$2:$C$500,"bsc") -> 41 | E8: =D8/'1-Patterns'!$C$4 -> 0.33064516
B9: Master student | C9: msc | D9: =COUNTIF(Responses!$C$2:$C$500,"msc") -> 42 | E9: =D9/'1-Patterns'!$C$4 -> 0.33870968
B10: PhD candidate | C10: phd | D10: =COUNTIF(Responses!$C$2:$C$500,"phd") -> 9 | E10: =D10/'1-Patterns'!$C$4 -> 0.072580645
B11: Lecturer / professor | C11: lecturer | D11: =COUNTIF(Responses!$C$2:$C$500,"lecturer") -> 20 | E11: =D11/'1-Patterns'!$C$4 -> 0.16129032
B12: Teaching assistant | C12: ta | D12: =COUNTIF(Responses!$C$2:$C$500,"ta") -> 6 | E12: =D12/'1-Patterns'!$C$4 -> 0.048387097
B13: Support / admin staff (education office, IT, library) | C13: staff | D13: =COUNTIF(Responses!$C$2:$C$500,"staff") -> 6 | E13: =D13/'1-Patterns'!$C$4 -> 0.048387097
A15: Age
B16: Answer | C16: Code | D16: Count | E16: % of N
B17: 17-20 | C17: 17-20 | D17: =COUNTIF(Responses!$D$2:$D$500,"17-20") -> 18 | E17: =D17/'1-Patterns'!$C$4 -> 0.14516129
B18: 21-24 | C18: 21-24 | D18: =COUNTIF(Responses!$D$2:$D$500,"21-24") -> 43 | E18: =D18/'1-Patterns'!$C$4 -> 0.34677419
B19: 25-29 | C19: 25-29 | D19: =COUNTIF(Responses!$D$2:$D$500,"25-29") -> 21 | E19: =D19/'1-Patterns'!$C$4 -> 0.16935484
B20: 30-39 | C20: 30-39 | D20: =COUNTIF(Responses!$D$2:$D$500,"30-39") -> 20 | E20: =D20/'1-Patterns'!$C$4 -> 0.16129032
B21: 40-49 | C21: 40-49 | D21: =COUNTIF(Responses!$D$2:$D$500,"40-49") -> 15 | E21: =D21/'1-Patterns'!$C$4 -> 0.12096774
B22: 50 or older | C22: 50+ | D22: =COUNTIF(Responses!$D$2:$D$500,"50+") -> 6 | E22: =D22/'1-Patterns'!$C$4 -> 0.048387097
B23: Prefer not to say | C23: na | D23: =COUNTIF(Responses!$D$2:$D$500,"na") -> 1 | E23: =D23/'1-Patterns'!$C$4 -> 0.0080645161
A25: Gender
B26: Answer | C26: Code | D26: Count | E26: % of N
B27: Female | C27: female | D27: =COUNTIF(Responses!$E$2:$E$500,"female") -> 60 | E27: =D27/'1-Patterns'!$C$4 -> 0.48387097
B28: Male | C28: male | D28: =COUNTIF(Responses!$E$2:$E$500,"male") -> 55 | E28: =D28/'1-Patterns'!$C$4 -> 0.44354839
B29: Non-binary / other | C29: nonbinary | D29: =COUNTIF(Responses!$E$2:$E$500,"nonbinary") -> 5 | E29: =D29/'1-Patterns'!$C$4 -> 0.040322581
B30: Prefer not to say | C30: na | D30: =COUNTIF(Responses!$E$2:$E$500,"na") -> 4 | E30: =D30/'1-Patterns'!$C$4 -> 0.032258065
A32: School
B33: Answer | C33: Code | D33: Count | E33: % of N
B34: Humanities & Digital Sciences (TSHD, e.g. CSAI, DSS) | C34: tshd | D34: =COUNTIF(Responses!$F$2:$F$500,"tshd") -> 55 | E34: =D34/'1-Patterns'!$C$4 -> 0.44354839
B35: Economics & Management (TiSEM) | C35: tisem | D35: =COUNTIF(Responses!$F$2:$F$500,"tisem") -> 27 | E35: =D35/'1-Patterns'!$C$4 -> 0.21774194
B36: Social & Behavioural Sciences (TSB) | C36: tsb | D36: =COUNTIF(Responses!$F$2:$F$500,"tsb") -> 19 | E36: =D36/'1-Patterns'!$C$4 -> 0.15322581
B37: Law (TLS) | C37: tls | D37: =COUNTIF(Responses!$F$2:$F$500,"tls") -> 13 | E37: =D37/'1-Patterns'!$C$4 -> 0.10483871
B38: Catholic Theology (TST) | C38: tst | D38: =COUNTIF(Responses!$F$2:$F$500,"tst") -> 3 | E38: =D38/'1-Patterns'!$C$4 -> 0.024193548
B39: Other / more than one | C39: other | D39: =COUNTIF(Responses!$F$2:$F$500,"other") -> 7 | E39: =D39/'1-Patterns'!$C$4 -> 0.056451613
A41: Secondary education
B42: Answer | C42: Code | D42: Count | E42: % of N
B43: In the Netherlands | C43: nl | D43: =COUNTIF(Responses!$G$2:$G$500,"nl") -> 70 | E43: =D43/'1-Patterns'!$C$4 -> 0.56451613
B44: Elsewhere in Europe | C44: eu | D44: =COUNTIF(Responses!$G$2:$G$500,"eu") -> 34 | E44: =D44/'1-Patterns'!$C$4 -> 0.27419355
B45: Outside Europe | C45: noneu | D45: =COUNTIF(Responses!$G$2:$G$500,"noneu") -> 17 | E45: =D45/'1-Patterns'!$C$4 -> 0.13709677
B46: Prefer not to say | C46: na | D46: =COUNTIF(Responses!$G$2:$G$500,"na") -> 3 | E46: =D46/'1-Patterns'!$C$4 -> 0.024193548
A48: Hours per week on commitments outside study/job (A7)
B49: Answer | C49: Code | D49: Count | E49: % of N
B50: None | C50: 0 | D50: =COUNTIF(Responses!$I$2:$I$500,"0") -> 34 | E50: =D50/'1-Patterns'!$C$4 -> 0.27419355
B51: 1-8 hours | C51: 1-8 | D51: =COUNTIF(Responses!$I$2:$I$500,"1-8") -> 34 | E51: =D51/'1-Patterns'!$C$4 -> 0.27419355
B52: 9-16 hours | C52: 9-16 | D52: =COUNTIF(Responses!$I$2:$I$500,"9-16") -> 31 | E52: =D52/'1-Patterns'!$C$4 -> 0.25
B53: 17-24 hours | C53: 17-24 | D53: =COUNTIF(Responses!$I$2:$I$500,"17-24") -> 15 | E53: =D53/'1-Patterns'!$C$4 -> 0.12096774
B54: More than 24 hours | C54: 25+ | D54: =COUNTIF(Responses!$I$2:$I$500,"25+") -> 10 | E54: =D54/'1-Patterns'!$C$4 -> 0.080645161
A56: Accessibility needs (A8)
B57: Option (select all that apply) | C57: Code | D57: Count | E57: % of N
B58: None of these | C58: none | D58: =SUM(Responses!$J$2:$J$500) -> 100 | E58: =D58/'1-Patterns'!$C$4 -> 0.80645161
B59: I use a screen reader or screen magnification | C59: screenreader | D59: =SUM(Responses!$K$2:$K$500) -> 4 | E59: =D59/'1-Patterns'!$C$4 -> 0.032258065
B60: I rely on captions or transcripts for audio and video | C60: captions | D60: =SUM(Responses!$L$2:$L$500) -> 7 | E60: =D60/'1-Patterns'!$C$4 -> 0.056451613
B61: I have dyslexia or another reading-related difference | C61: dyslexia | D61: =SUM(Responses!$M$2:$M$500) -> 9 | E61: =D61/'1-Patterns'!$C$4 -> 0.072580645
B62: Fine mouse or touch control is difficult for me | C62: motor | D62: =SUM(Responses!$N$2:$N$500) -> 0 | E62: =D62/'1-Patterns'!$C$4 -> 0
B63: I prefer high contrast or reduced motion | C63: contrast | D63: =SUM(Responses!$O$2:$O$500) -> 4 | E63: =D63/'1-Patterns'!$C$4 -> 0.032258065
B64: Prefer not to say | C64: na | D64: =SUM(Responses!$P$2:$P$500) -> 2 | E64: =D64/'1-Patterns'!$C$4 -> 0.016129032
A66: Comfort learning new software on your own (A9, 1-7)
B67: Statistic | C67: Value
B68: Mean | C68: =AVERAGE(Responses!$Q$2:$Q$500) -> 5.0564516
B69: SD | C69: =STDEV(Responses!$Q$2:$Q$500) -> 1.270698
B70: Median | C70: =MEDIAN(Responses!$Q$2:$Q$500) -> 5
B71: % scoring 5-7 (comfortable) | C71: =COUNTIF(Responses!$Q$2:$Q$500,">=5")/'1-Patterns'!$C$4 -> 0.69354839
B72: % scoring 1-3 (uncomfortable) | C72: =COUNTIF(Responses!$Q$2:$Q$500,"<=3")/'1-Patterns'!$C$4 -> 0.11290323
A74: B. How often do people open Canvas (B1)
B75: Answer | C75: Code | D75: Count | E75: % of N
B76: Less than once a week | C76: lt1 | D76: =COUNTIF(Responses!$R$2:$R$500,"lt1") -> 4 | E76: =D76/'1-Patterns'!$C$4 -> 0.032258065
B77: About once a week | C77: 1 | D77: =COUNTIF(Responses!$R$2:$R$500,"1") -> 10 | E77: =D77/'1-Patterns'!$C$4 -> 0.080645161
B78: 2-3 times a week | C78: 2-3 | D78: =COUNTIF(Responses!$R$2:$R$500,"2-3") -> 15 | E78: =D78/'1-Patterns'!$C$4 -> 0.12096774
B79: 4-6 times a week | C79: 4-6 | D79: =COUNTIF(Responses!$R$2:$R$500,"4-6") -> 24 | E79: =D79/'1-Patterns'!$C$4 -> 0.19354839
B80: About once a day | C80: daily | D80: =COUNTIF(Responses!$R$2:$R$500,"daily") -> 32 | E80: =D80/'1-Patterns'!$C$4 -> 0.25806452
B81: Several times a day | C81: several | D81: =COUNTIF(Responses!$R$2:$R$500,"several") -> 39 | E81: =D81/'1-Patterns'!$C$4 -> 0.31451613
B82: Mean frequency score (1-6) | C82: =AVERAGE(Responses!$BW$2:$BW$500) -> 4.5080645
B83: % at least once a day | C83: =(COUNTIF(Responses!$R$2:$R$500,"daily")+COUNTIF(Responses!$R$2:$R$500,"several"))/'1-Patterns'!$C$4 -> 0.57258065
A85: Devices used in the last 7 days (B2)
B86: Option (select all that apply) | C86: Code | D86: Count | E86: % of N
B87: Laptop | C87: laptop | D87: =SUM(Responses!$S$2:$S$500) -> 103 | E87: =D87/'1-Patterns'!$C$4 -> 0.83064516
B88: Desktop computer | C88: desktop | D88: =SUM(Responses!$T$2:$T$500) -> 27 | E88: =D88/'1-Patterns'!$C$4 -> 0.21774194
B89: Smartphone, in the browser | C89: phone_browser | D89: =SUM(Responses!$U$2:$U$500) -> 35 | E89: =D89/'1-Patterns'!$C$4 -> 0.28225806
B90: Smartphone, in the Canvas app | C90: phone_app | D90: =SUM(Responses!$V$2:$V$500) -> 56 | E90: =D90/'1-Patterns'!$C$4 -> 0.4516129
B91: Tablet | C91: tablet | D91: =SUM(Responses!$W$2:$W$500) -> 12 | E91: =D91/'1-Patterns'!$C$4 -> 0.096774194
A93: Most used device (B3)
B94: Answer | C94: Code | D94: Count | E94: % of N
B95: Laptop | C95: laptop | D95: =COUNTIF(Responses!$X$2:$X$500,"laptop") -> 68 | E95: =D95/'1-Patterns'!$C$4 -> 0.5483871
B96: Desktop computer | C96: desktop | D96: =COUNTIF(Responses!$X$2:$X$500,"desktop") -> 21 | E96: =D96/'1-Patterns'!$C$4 -> 0.16935484
B97: Smartphone | C97: phone | D97: =COUNTIF(Responses!$X$2:$X$500,"phone") -> 32 | E97: =D97/'1-Patterns'!$C$4 -> 0.25806452
B98: Tablet | C98: tablet | D98: =COUNTIF(Responses!$X$2:$X$500,"tablet") -> 3 | E98: =D98/'1-Patterns'!$C$4 -> 0.024193548
A100: Typical visit length (B4)
B101: Answer | C101: Code | D101: Count | E101: % of N
B102: Under 2 minutes | C102: lt2 | D102: =COUNTIF(Responses!$Y$2:$Y$500,"lt2") -> 18 | E102: =D102/'1-Patterns'!$C$4 -> 0.14516129
B103: 2-5 minutes | C103: 2-5 | D103: =COUNTIF(Responses!$Y$2:$Y$500,"2-5") -> 19 | E103: =D103/'1-Patterns'!$C$4 -> 0.15322581
B104: 5-15 minutes | C104: 5-15 | D104: =COUNTIF(Responses!$Y$2:$Y$500,"5-15") -> 37 | E104: =D104/'1-Patterns'!$C$4 -> 0.2983871
B105: 15-30 minutes | C105: 15-30 | D105: =COUNTIF(Responses!$Y$2:$Y$500,"15-30") -> 22 | E105: =D105/'1-Patterns'!$C$4 -> 0.17741935
B106: More than 30 minutes | C106: gt30 | D106: =COUNTIF(Responses!$Y$2:$Y$500,"gt30") -> 28 | E106: =D106/'1-Patterns'!$C$4 -> 0.22580645
B107: % of visits under 5 minutes | C107: =(COUNTIF(Responses!$Y$2:$Y$500,"lt2")+COUNTIF(Responses!$Y$2:$Y$500,"2-5"))/'1-Patterns'!$C$4 -> 0.2983871
A109: Parts of Canvas used in the last 7 days (B5)
B110: Option (select all that apply) | C110: Code | D110: Count | E110: % of N
B111: Announcements | C111: announcements | D111: =SUM(Responses!$Z$2:$Z$500) -> 103 | E111: =D111/'1-Patterns'!$C$4 -> 0.83064516
B112: Assignments (submitting or grading) | C112: assignments | D112: =SUM(Responses!$AA$2:$AA$500) -> 94 | E112: =D112/'1-Patterns'!$C$4 -> 0.75806452
B113: Grades / feedback | C113: grades | D113: =SUM(Responses!$AB$2:$AB$500) -> 78 | E113: =D113/'1-Patterns'!$C$4 -> 0.62903226
B114: Modules or Files (course materials) | C114: modules | D114: =SUM(Responses!$AC$2:$AC$500) -> 93 | E114: =D114/'1-Patterns'!$C$4 -> 0.75
...

Sheet 2-Segments
B1: Step 3. Cluster user segments
B2: k-means on standardised features (frequency, visit length, phone as main device, tech comfort, outside commitments, times lost, the 12 experience items and the 6 ranks). Cluster labels are pasted in Responses!Segment; every profile number below is a live formula on that column.
A4: Choosing k (elbow and silhouette; k = 6 chosen)
B5: k | C5: Inertia (within-cluster SS) | D5: Silhouette
B6: 2 | C6: 2514.9 | D6: 0.146
B7: 3 | C7: 2247.4 | D7: 0.156
B8: 4 | C8: 2018.9 | D8: 0.17
B9: 5 | C9: 1822.4 | D9: 0.18
B10: 6 | C10: 1716.9 | D10: 0.176
B11: 7 | C11: 1648 | D11: 0.16
B12: 8 | C12: 1606.1 | D12: 0.132
B13: The elbow flattens after k = 5-6 and the silhouette is flat between 5 and 6. We chose 6 because the sixth cluster isolates the accessibility extreme users, who are few but design-critical; with k = 5 they were absorbed into the Structured Scholars. (Values pasted from the Python/vis.html run.)
A15: Segment sizes
B16: Segment | C16: n | D16: % of N | E16: One-line description
B17: S1 Deadline Sprinters | C17: =COUNTIF(Responses!$CD$2:$CD$500,"S1 Deadline Sprinters") -> 34 | D17: =C17/'1-Patterns'!$C$4 -> 0.27419355 | E17: Phone-first students who open Canvas several times a day for a few seconds: deadlines, grades, room changes.
B18: S2 Structured Scholars | C18: =COUNTIF(Responses!$CD$2:$CD$500,"S2 Structured Scholars") -> 29 | D18: =C18/'1-Patterns'!$C$4 -> 0.23387097 | E18: Master/PhD students on a laptop, long sessions, live in Modules and recordings, want consistency and search.
B19: S3 Overloaded Jugglers | C19: =COUNTIF(Responses!$CD$2:$CD$500,"S3 Overloaded Jugglers") -> 20 | D19: =C19/'1-Patterns'!$C$4 -> 0.16129032 | E19: Students with 17+ hours of work or care per week; check 2-3 times a week, run on e-mail, and catch up in batches.
B20: S4 Power Instructors | C20: =COUNTIF(Responses!$CD$2:$CD$500,"S4 Power Instructors") -> 17 | D20: =C20/'1-Patterns'!$C$4 -> 0.13709677 | E20: Lecturers/TAs in Canvas all day: grading, announcements, groups; want bulk actions and fewer clicks.
B21: S5 Reluctant Instructors | C21: =COUNTIF(Responses!$CD$2:$CD$500,"S5 Reluctant Instructors") -> 15 | D21: =C21/'1-Patterns'!$C$4 -> 0.12096774 | E21: Senior lecturers who open Canvas about once a week, low confidence, delegate to TAs and e-mail.
B22: S6 Access-First Learners | C22: =COUNTIF(Responses!$CD$2:$CD$500,"S6 Access-First Learners") -> 9 | D22: =C22/'1-Patterns'!$C$4 -> 0.072580645 | E22: Students using screen readers, captions or reading support; blocked by unstructured pages and media.
A24: Segment profile matrix (live formulas; colour scale compares segments within each row)
B25: Feature | C25: S1 Deadline Sprinters | D25: S2 Structured Scholars | E25: S3 Overloaded Jugglers | F25: S4 Power Instructors | G25: S5 Reluctant Instructors | H25: S6 Access-First Learners | I25: All
B26: Behaviour
B27: Opens Canvas (1 = <1x/week ... 6 = several times a day) | C27: =IFERROR(AVERAGEIFS(Responses!$BW$2:$BW$500,Responses!$CD$2:$CD$500,"S1 Deadline Sprinters"),"") -> 5.5294118 | D27: =IFERROR(AVERAGEIFS(Responses!$BW$2:$BW$500,Responses!$CD$2:$CD$500,"S2 Structured Scholars"),"") -> 4.6896552 | E27: =IFERROR(AVERAGEIFS(Responses!$BW$2:$BW$500,Responses!$CD$2:$CD$500,"S3 Overloaded Jugglers"),"") -> 3.2 | F27: =IFERROR(AVERAGEIFS(Responses!$BW$2:$BW$500,Responses!$CD$2:$CD$500,"S4 Power Instructors"),"") -> 5.8235294 | G27: =IFERROR(AVERAGEIFS(Responses!$BW$2:$BW$500,Responses!$CD$2:$CD$500,"S5 Reluctant Instructors"),"") -> 2.0666667 | H27: =IFERROR(AVERAGEIFS(Responses!$BW$2:$BW$500,Responses!$CD$2:$CD$500,"S6 Access-First Learners"),"") -> 4.5555556 | I27: =AVERAGE(Responses!$BW$2:$BW$500) -> 4.5080645
B28: % opening at least once a day | C28: =IFERROR((COUNTIFS(Responses!$R$2:$R$500,"daily",Responses!$CD$2:$CD$500,"S1 Deadline Sprinters")+COUNTIFS(Responses!$R$2:$R$500,"several",Responses!$CD$2:$CD$500,"S1 Deadline Sprinters"))/'2-Segments'!$C$17,"") -> 0.88235294 | D28: =IFERROR((COUNTIFS(Responses!$R$2:$R$500,"daily",Responses!$CD$2:$CD$500,"S2 Structured Scholars")+COUNTIFS(Responses!$R$2:$R$500,"several",Responses!$CD$2:$CD$500,"S2 Structured Scholars"))/'2-Segments'!$C$18,"") -> 0.5862069 | E28: =IFERROR((COUNTIFS(Responses!$R$2:$R$500,"daily",Responses!$CD$2:$CD$500,"S3 Overloaded Jugglers")+COUNTIFS(Responses!$R$2:$R$500,"several",Responses!$CD$2:$CD$500,"S3 Overloaded Jugglers"))/'2-Segments'!$C$19,"") -> 0.1 | F28: =IFERROR((COUNTIFS(Responses!$R$2:$R$500,"daily",Responses!$CD$2:$CD$500,"S4 Power Instructors")+COUNTIFS(Responses!$R$2:$R$500,"several",Responses!$CD$2:$CD$500,"S4 Power Instructors"))/'2-Segments'!$C$20,"") -> 1 | G28: =IFERROR((COUNTIFS(Responses!$R$2:$R$500,"daily",Responses!$CD$2:$CD$500,"S5 Reluctant Instructors")+COUNTIFS(Responses!$R$2:$R$500,"several",Responses!$CD$2:$CD$500,"S5 Reluctant Instructors"))/'2-Segments'!$C$21,"") -> 0 | H28: =IFERROR((COUNTIFS(Responses!$R$2:$R$500,"daily",Responses!$CD$2:$CD$500,"S6 Access-First Learners")+COUNTIFS(Responses!$R$2:$R$500,"several",Responses!$CD$2:$CD$500,"S6 Access-First Learners"))/'2-Segments'!$C$22,"") -> 0.55555556 | I28: =(COUNTIF(Responses!$R$2:$R$500,"daily")+COUNTIF(Responses!$R$2:$R$500,"several"))/'1-Patterns'!$C$4 -> 0.57258065
B29: Visit length (1 = <2 min ... 5 = >30 min) | C29: =IFERROR(AVERAGEIFS(Responses!$BX$2:$BX$500,Responses!$CD$2:$CD$500,"S1 Deadline Sprinters"),"") -> 1.5588235 | D29: =IFERROR(AVERAGEIFS(Responses!$BX$2:$BX$500,Responses!$CD$2:$CD$500,"S2 Structured Scholars"),"") -> 3.8965517 | E29: =IFERROR(AVERAGEIFS(Responses!$BX$2:$BX$500,Responses!$CD$2:$CD$500,"S3 Overloaded Jugglers"),"") -> 3.05 | F29: =IFERROR(AVERAGEIFS(Responses!$BX$2:$BX$500,Responses!$CD$2:$CD$500,"S4 Power Instructors"),"") -> 4.7058824 | G29: =IFERROR(AVERAGEIFS(Responses!$BX$2:$BX$500,Responses!$CD$2:$CD$500,"S5 Reluctant Instructors"),"") -> 3 | H29: =IFERROR(AVERAGEIFS(Responses!$BX$2:$BX$500,Responses!$CD$2:$CD$500,"S6 Access-First Learners"),"") -> 4.7777778 | I29: =AVERAGE(Responses!$BX$2:$BX$500) -> 3.1854839
B30: % smartphone is the most used device | C30: =IFERROR(COUNTIFS(Responses!$X$2:$X$500,"phone",Responses!$CD$2:$CD$500,"S1 Deadline Sprinters")/'2-Segments'!$C$17,"") -> 0.79411765 | D30: =IFERROR(COUNTIFS(Responses!$X$2:$X$500,"phone",Responses!$CD$2:$CD$500,"S2 Structured Scholars")/'2-Segments'!$C$18,"") -> 0 | E30: =IFERROR(COUNTIFS(Responses!$X$2:$X$500,"phone",Responses!$CD$2:$CD$500,"S3 Overloaded Jugglers")/'2-Segments'!$C$19,"") -> 0.25 | F30: =IFERROR(COUNTIFS(Responses!$X$2:$X$500,"phone",Responses!$CD$2:$CD$500,"S4 Power Instructors")/'2-Segments'!$C$20,"") -> 0 | G30: =IFERROR(COUNTIFS(Responses!$X$2:$X$500,"phone",Responses!$CD$2:$CD$500,"S5 Reluctant Instructors")/'2-Segments'!$C$21,"") -> 0 | H30: =IFERROR(COUNTIFS(Responses!$X$2:$X$500,"phone",Responses!$CD$2:$CD$500,"S6 Access-First Learners")/'2-Segments'!$C$22,"") -> 0 | I30: =COUNTIF(Responses!$X$2:$X$500,"phone")/'1-Patterns'!$C$4 -> 0.25806452
B31: % used the Canvas app last week | C31: =IFERROR(COUNTIFS(Responses!$V$2:$V$500,1,Responses!$CD$2:$CD$500,"S1 Deadline Sprinters")/'2-Segments'!$C$17,"") -> 0.91176471 | D31: =IFERROR(COUNTIFS(Responses!$V$2:$V$500,1,Responses!$CD$2:$CD$500,"S2 Structured Scholars")/'2-Segments'!$C$18,"") -> 0.37931034 | E31: =IFERROR(COUNTIFS(Responses!$V$2:$V$500,1,Responses!$CD$2:$CD$500,"S3 Overloaded Jugglers")/'2-Segments'!$C$19,"") -> 0.35 | F31: =IFERROR(COUNTIFS(Responses!$V$2:$V$500,1,Responses!$CD$2:$CD$500,"S4 Power Instructors")/'2-Segments'!$C$20,"") -> 0.23529412 | G31: =IFERROR(COUNTIFS(Responses!$V$2:$V$500,1,Responses!$CD$2:$CD$500,"S5 Reluctant Instructors")/'2-Segments'!$C$21,"") -> 0 | H31: =IFERROR(COUNTIFS(Responses!$V$2:$V$500,1,Responses!$CD$2:$CD$500,"S6 Access-First Learners")/'2-Segments'!$C$22,"") -> 0.33333333 | I31: =COUNTIF(Responses!$V$2:$V$500,1)/'1-Patterns'!$C$4 -> 0.4516129
B32: Comfort learning software alone (1-7) | C32: =IFERROR(AVERAGEIFS(Responses!$Q$2:$Q$500,Responses!$CD$2:$CD$500,"S1 Deadline Sprinters"),"") -> 5.2647059 | D32: =IFERROR(AVERAGEIFS(Responses!$Q$2:$Q$500,Responses!$CD$2:$CD$500,"S2 Structured Scholars"),"") -> 5.8275862 | E32: =IFERROR(AVERAGEIFS(Responses!$Q$2:$Q$500,Responses!$CD$2:$CD$500,"S3 Overloaded Jugglers"),"") -> 4.65 | F32: =IFERROR(AVERAGEIFS(Responses!$Q$2:$Q$500,Responses!$CD$2:$CD$500,"S4 Power Instructors"),"") -> 5.2352941 | G32: =IFERROR(AVERAGEIFS(Responses!$Q$2:$Q$500,Responses!$CD$2:$CD$500,"S5 Reluctant Instructors"),"") -> 3.0666667 | H32: =IFERROR(AVERAGEIFS(Responses!$Q$2:$Q$500,Responses!$CD$2:$CD$500,"S6 Access-First Learners"),"") -> 5.6666667 | I32: =AVERAGE(Responses!$Q$2:$Q$500) -> 5.0564516
B33: Outside commitments (0 = none ... 4 = >24 h/week) | C33: =IFERROR(AVERAGEIFS(Responses!$BY$2:$BY$500,Responses!$CD$2:$CD$500,"S1 Deadline Sprinters"),"") -> 1.4411765 | D33: =IFERROR(AVERAGEIFS(Responses!$BY$2:$BY$500,Responses!$CD$2:$CD$500,"S2 Structured Scholars"),"") -> 0.75862069 | E33: =IFERROR(AVERAGEIFS(Responses!$BY$2:$BY$500,Responses!$CD$2:$CD$500,"S3 Overloaded Jugglers"),"") -> 3.45 | F33: =IFERROR(AVERAGEIFS(Responses!$BY$2:$BY$500,Responses!$CD$2:$CD$500,"S4 Power Instructors"),"") -> 1 | G33: =IFERROR(AVERAGEIFS(Responses!$BY$2:$BY$500,Responses!$CD$2:$CD$500,"S5 Reluctant Instructors"),"") -> 0.8 | H33: =IFERROR(AVERAGEIFS(Responses!$BY$2:$BY$500,Responses!$CD$2:$CD$500,"S6 Access-First Learners"),"") -> 1.3333333 | I33: =AVERAGE(Responses!$BY$2:$BY$500) -> 1.4596774
B34: % with 17+ h/week outside commitments | C34: =IFERROR((COUNTIFS(Responses!$I$2:$I$500,"17-24",Responses!$CD$2:$CD$500,"S1 Deadline Sprinters")+COUNTIFS(Responses!$I$2:$I$500,"25+",Responses!$CD$2:$CD$500,"S1 Deadline Sprinters"))/'2-Segments'!$C$17,"") -> 0.088235294 | D34: =IFERROR((COUNTIFS(Responses!$I$2:$I$500,"17-24",Responses!$CD$2:$CD$500,"S2 Structured Scholars")+COUNTIFS(Responses!$I$2:$I$500,"25+",Responses!$CD$2:$CD$500,"S2 Structured Scholars"))/'2-Segments'!$C$18,"") -> 0 | E34: =IFERROR((COUNTIFS(Responses!$I$2:$I$500,"17-24",Responses!$CD$2:$CD$500,"S3 Overloaded Jugglers")+COUNTIFS(Responses!$I$2:$I$500,"25+",Responses!$CD$2:$CD$500,"S3 Overloaded Jugglers"))/'2-Segments'!$C$19,"") -> 0.95 | F34: =IFERROR((COUNTIFS(Responses!$I$2:$I$500,"17-24",Responses!$CD$2:$CD$500,"S4 Power Instructors")+COUNTIFS(Responses!$I$2:$I$500,"25+",Responses!$CD$2:$CD$500,"S4 Power Instructors"))/'2-Segments'!$C$20,"") -> 0.058823529 | G34: =IFERROR((COUNTIFS(Responses!$I$2:$I$500,"17-24",Responses!$CD$2:$CD$500,"S5 Reluctant Instructors")+COUNTIFS(Responses!$I$2:$I$500,"25+",Responses!$CD$2:$CD$500,"S5 Reluctant Instructors"))/'2-Segments'!$C$21,"") -> 0 | H34: =IFERROR((COUNTIFS(Responses!$I$2:$I$500,"17-24",Responses!$CD$2:$CD$500,"S6 Access-First Learners")+COUNTIFS(Responses!$I$2:$I$500,"25+",Responses!$CD$2:$CD$500,"S6 Access-First Learners"))/'2-Segments'!$C$22,"") -> 0.22222222 | I34: =(COUNTIF(Responses!$I$2:$I$500,"17-24")+COUNTIF(Responses!$I$2:$I$500,"25+"))/'1-Patterns'!$C$4 -> 0.2016129
B35: % with an accessibility need (A8, not 'none'/'prefer not') | C35: =IFERROR(COUNTIFS(Responses!$J$2:$J$500,0,Responses!$P$2:$P$500,0,Responses!$CD$2:$CD$500,"S1 Deadline Sprinters")/'2-Segments'!$C$17,"") -> 0.14705882 | D35: =IFERROR(COUNTIFS(Responses!$J$2:$J$500,0,Responses!$P$2:$P$500,0,Responses!$CD$2:$CD$500,"S2 Structured Scholars")/'2-Segments'!$C$18,"") -> 0.13793103 | E35: =IFERROR(COUNTIFS(Responses!$J$2:$J$500,0,Responses!$P$2:$P$500,0,Responses!$CD$2:$CD$500,"S3 Overloaded Jugglers")/'2-Segments'!$C$19,"") -> 0.05 | F35: =IFERROR(COUNTIFS(Responses!$J$2:$J$500,0,Responses!$P$2:$P$500,0,Responses!$CD$2:$CD$500,"S4 Power Instructors")/'2-Segments'!$C$20,"") -> 0.058823529 | G35: =IFERROR(COUNTIFS(Responses!$J$2:$J$500,0,Responses!$P$2:$P$500,0,Responses!$CD$2:$CD$500,"S5 Reluctant Instructors")/'2-Segments'!$C$21,"") -> 0.13333333 | H35: =IFERROR(COUNTIFS(Responses!$J$2:$J$500,0,Responses!$P$2:$P$500,0,Responses!$CD$2:$CD$500,"S6 Access-First Learners")/'2-Segments'!$C$22,"") -> 1 | I35: =COUNTIFS(Responses!$J$2:$J$500,0,Responses!$P$2:$P$500,0)/'1-Patterns'!$C$4 -> 0.17741935
B36: Times failed to find something last week (0-4) | C36: =IFERROR(AVERAGEIFS(Responses!$BZ$2:$BZ$500,Responses!$CD$2:$CD$500,"S1 Deadline Sprinters"),"") -> 1.2647059 | D36: =IFERROR(AVERAGEIFS(Responses!$BZ$2:$BZ$500,Responses!$CD$2:$CD$500,"S2 Structured Scholars"),"") -> 1.3448276 | E36: =IFERROR(AVERAGEIFS(Responses!$BZ$2:$BZ$500,Responses!$CD$2:$CD$500,"S3 Overloaded Jugglers"),"") -> 1.85 | F36: =IFERROR(AVERAGEIFS(Responses!$BZ$2:$BZ$500,Responses!$CD$2:$CD$500,"S4 Power Instructors"),"") -> 1.4705882 | G36: =IFERROR(AVERAGEIFS(Responses!$BZ$2:$BZ$500,Responses!$CD$2:$CD$500,"S5 Reluctant Instructors"),"") -> 1.7333333 | H36: =IFERROR(AVERAGEIFS(Responses!$BZ$2:$BZ$500,Responses!$CD$2:$CD$500,"S6 Access-First Learners"),"") -> 2.4444444 | I36: =AVERAGE(Responses!$BZ$2:$BZ$500) -> 1.5483871
